,item_code,item,unit,item_group,item_category
0,-1,,,,
1,1,AYAM BERSIH - STANDARD,1kg,BARANGAN SEGAR,AYAM
2,2,AYAM BERSIH - SUPER,1kg,BARANGAN SEGAR,AYAM
3,3,AYAM HIDUP,1kg,BARANGAN SEGAR,AYAM
4,9,DAGING KAMBING BEBIRI IMPORT BERTULANG (MUTTON) (AUSTRALIA - KOTAK),1kg,BARANGAN SEGAR,DAGING
5,10,DAGING KAMBING BEBIRI IMPORT BERTULANG (MUTTON) (NEW ZEALAND - KOTAK),1kg,BARANGAN SEGAR,DAGING
6,11,DAGING KAMBING BEBIRI IMPORT TANPA TULANG (MUTTON) (TIDAK TERMASUK PAHA - AUSTRALIA),1kg,BARANGAN SEGAR,DAGING
7,12,DAGING KAMBING BEBIRI IMPORT TANPA TULANG (MUTTON) (TIDAK TERMASUK PAHA - NEW ZEALAND),1kg,BARANGAN SEGAR,DAGING
8,14,DAGING KERBAU IMPORT (INDIA) * (TOP SIDE),1kg,BARANGAN SEGAR,DAGING
9,16,BETIK BIASA,1kg,BARANGAN SEGAR,BUAH-BUAHAN
10,18,PISANG BERANGAN,1kg,BARANGAN SEGAR,BUAH-BUAHAN
11,19,PISANG EMAS,1kg,BARANGAN SEGAR,BUAH-BUAHAN
12,20,TEMBIKAI MERAH BERBIJI,1kg,BARANGAN SEGAR,BUAH-BUAHAN
13,21,TEMBIKAI MERAH TANPA BIJI,1kg,BARANGAN SEGAR,BUAH-BUAHAN
14,22,DRAGON FRUIT MERAH,1kg,BARANGAN SEGAR,BUAH-BUAHAN
15,24,TEMBIKAI SUSU,1kg,BARANGAN SEGAR,BUAH-BUAHAN
16,25,NENAS BIASA (JOSAPINE/MORRIS/SARAWAK),1 biji,BARANGAN SEGAR,BUAH-BUAHAN
17,26,ANGGUR HIJAU BERBIJI,1kg,BARANGAN SEGAR,BUAH-BUAHAN
18,27,ANGGUR MERAH BERBIJI,1kg,BARANGAN SEGAR,BUAH-BUAHAN
19,31,LAI KUNING (SAIZ M),1 biji,BARANGAN SEGAR,BUAH-BUAHAN
20,38,JAMBU BATU BERBIJI,1kg,BARANGAN SEGAR,BUAH-BUAHAN
21,39,JAMBU BATU TANPA BIJI,1kg,BARANGAN SEGAR,BUAH-BUAHAN
22,43,IKAN BAWAL HITAM (ANTARA 2 HINGGA 5 EKOR SEKILOGRAM),1kg,BARANGAN SEGAR,BAHAN LAUT
23,47,IKAN CENCARU (ANTARA 4 HINGGA 6 EKOR SEKILOGRAM),1kg,BARANGAN SEGAR,BAHAN LAUT
24,49,IKAN GELAMA (ANTARA 5 HINGGA 10 EKOR SEKILOGRAM),1kg,BARANGAN SEGAR,BAHAN LAUT
25,51,IKAN JENAHAK (b	% 1 KILOGRAM SEEKOR),1kg,BARANGAN SEGAR,BAHAN LAUT
26,52,KEPALA IKAN JENAHAK,1kg,BARANGAN SEGAR,BAHAN LAUT
27,55,IKAN KEMBUNG KECIL/PELALING (ANTARA 10 HINGGA 18 EKOR SEKILOGRAM),1kg,BARANGAN SEGAR,BAHAN LAUT
28,60,IKAN MERAH (b	% 1 KILOGRAM SEEKOR),1kg,BARANGAN SEGAR,BAHAN LAUT
29,64,KEPALA IKAN MERAH,1kg,BARANGAN SEGAR,BAHAN LAUT
30,65,IKAN KERAPU (ANTARA 2 HINGGA 5 EKOR SEKILOGRAM),1kg,BARANGAN SEGAR,BAHAN LAUT
31,66,IKAN PARANG (ANTARA 1 HINGGA 3 EKOR SEKILOGRAM),1kg,BARANGAN SEGAR,BAHAN LAUT
32,68,IKAN PARI (KEPINGAN),1kg,BARANGAN SEGAR,BAHAN LAUT
33,69,IKAN SELAR KUNING (b	% 11 EKOR SEKILOGRAM),1kg,BARANGAN SEGAR,BAHAN LAUT
34,70,IKAN SELAR PELATA (≤ 7 EKOR SEKILOGRAM),1kg,BARANGAN SEGAR,BAHAN LAUT
35,71,IKAN SELAYANG/SARDIN  (≥ 13 EKOR SEKILOGRAM),1kg,BARANGAN SEGAR,BAHAN LAUT
36,73,IKAN SENANGIN (ANTARA 2 HINGGA 8 EKOR SEKILOGRAM),1kg,BARANGAN SEGAR,BAHAN LAUT
37,78,IKAN TAMBAN BELURU (ANTARA 10 HINGGA 19 EKOR SEKILOGRAM),1kg,BARANGAN SEGAR,BAHAN LAUT
38,79,IKAN TENGGIRI PAPAN (ANTARA 1 HINGGA 2 EKOR SEKILOGRAM),1kg,BARANGAN SEGAR,BAHAN LAUT
39,82,IKAN TENGGIRI BATANG (ANTARA 1 HINGGA 2 EKOR SEKILOGRAM),1kg,BARANGAN SEGAR,BAHAN LAUT
40,83,IKAN TONGKOL/AYA/KAYU HITAM (ANTARA 1 HINGGA 2 EKOR SEKILOGRAM),1kg,BARANGAN SEGAR,BAHAN LAUT
41,87,IKAN HARUAN (ANTARA 2 HINGGA 5 EKOR SEKILOGRAM),1kg,BARANGAN SEGAR,IKAN DARAT
42,88,IKAN KELI (ANTARA 2 HINGGA 5 EKOR SEKILOGRAM),1kg,BARANGAN SEGAR,IKAN DARAT
43,89,IKAN TILAPIA HITAM (ANTARA 2 HINGGA 5 EKOR SEKILOGRAM),1kg,BARANGAN SEGAR,IKAN DARAT
44,92,CILI HIJAU,1kg,BARANGAN SEGAR,SAYUR-SAYURAN
45,93,CILI MERAH - KULAI,1kg,BARANGAN SEGAR,SAYUR-SAYURAN
46,94,CILI MERAH - MINYAK,1kg,BARANGAN SEGAR,SAYUR-SAYURAN
47,95,HALIA BASAH (TUA),1kg,BARANGAN SEGAR,SAYUR-SAYURAN
48,96,KACANG BENDI,1kg,BARANGAN SEGAR,SAYUR-SAYURAN
49,97,KACANG BUNCIS,1kg,BARANGAN SEGAR,SAYUR-SAYURAN
50,98,KACANG PANJANG,1kg,BARANGAN SEGAR,SAYUR-SAYURAN
51,101,KELAPA BIJI,1 biji,BARANGAN SEGAR,KELAPA
52,102,KELAPA PARUT,1kg,BARANGAN SEGAR,KELAPA
53,103,SANTAN KELAPA SEGAR (BIASA),1kg,BARANGAN SEGAR,KELAPA
54,104,KUBIS BULAT IMPORT (CHINA),1kg,BARANGAN SEGAR,SAYUR-SAYURAN
55,105,KUBIS BULAT (TEMPATAN),1kg,BARANGAN SEGAR,SAYUR-SAYURAN
56,108,KUNYIT HIDUP,1kg,BARANGAN SEGAR,SAYUR-SAYURAN
57,109,LOBAK MERAH,1kg,BARANGAN SEGAR,SAYUR-SAYURAN
58,112,TERUNG PANJANG,1kg,BARANGAN SEGAR,SAYUR-SAYURAN
59,113,TIMUN,1kg,BARANGAN SEGAR,SAYUR-SAYURAN
60,114,TOMATO,1kg,BARANGAN SEGAR,SAYUR-SAYURAN
61,118,TELUR AYAM GRED A (BERAT 65.0 GM HINGGA 69.9 GM SEBIJI),10 biji,BARANGAN SEGAR,TELUR
62,119,TELUR AYAM GRED B (BERAT 60.0 GM HINGGA 64.9 GM),10 biji,BARANGAN SEGAR,TELUR
63,120,TELUR AYAM GRED C (BERAT 55.0 GM HINGGA 59.9 GM SEBIJI),10 biji,BARANGAN SEGAR,TELUR
64,124,TELUR PUYUH,15 Biji,BARANGAN SEGAR,TELUR
65,125,TELUR ITIK,10 biji,BARANGAN SEGAR,TELUR
66,129,BAWANG BESAR KUNING/HOLLAND,1kg,BARANGAN KERING,BAWANG
67,131,BAWANG KECIL MERAH ROSE IMPORT (INDIA),1kg,BARANGAN KERING,BAWANG
68,132,BAWANG KECIL MERAH IMPORT (THAILAND),1kg,BARANGAN KERING,BAWANG
69,148,IKAN BILIS GRED B (KOPEK),1kg,BARANGAN KERING,HASIL LAUT KERING
70,152,KACANG HIJAU (IMPORT),1kg,BARANGAN KERING,KACANG
71,154,SERBUK KUNYIT (TIDAK BERBUNGKUS),100 g,BARANGAN BERBUNGKUS,REMPAH RATUS (TIDAK BERBUNGKUS)
72,155,SERBUK CILI  (TIDAK BERBUNGKUS),100 g,BARANGAN BERBUNGKUS,REMPAH RATUS (TIDAK BERBUNGKUS)
73,160,UBI KENTANG RUSSET,1kg,BARANGAN KERING,UBI KENTANG
74,171,KORDIAL SUNQUICK (OREN),840 ml,MINUMAN,BAHAN-BAHAN MINUMAN
75,180,TEH BOH (UNCANG),100 beg,MINUMAN,BAHAN-BAHAN MINUMAN
76,190,SARDIN CAP AYAM (SOS TOMATO),155 g,BARANGAN BERBUNGKUS,IKAN DALAM TIN
77,191,SARDIN CAP AYAM (SOS TOMATO),425 g,BARANGAN BERBUNGKUS,IKAN DALAM TIN
78,192,SARDIN CAP KING CUP (SOS TOMATO),155 g,BARANGAN BERBUNGKUS,IKAN DALAM TIN
79,193,SARDIN CAP KING CUP (SOS TOMATO),425 g,BARANGAN BERBUNGKUS,IKAN DALAM TIN
80,195,MACKAREL CAP AYAM (SOS TOMATO),425 g,BARANGAN BERBUNGKUS,IKAN DALAM TIN
81,197,MACKAREL CAP KING CUP (SOS TOMATO),425 g,BARANGAN BERBUNGKUS,IKAN DALAM TIN
82,199,TUNA CAP TC BOY (SANDWICH DELITE),150 g,BARANGAN BERBUNGKUS,IKAN DALAM TIN
83,201,JEM STRAWBERI LADY'S CHOICE,400 g,BARANGAN BERBUNGKUS,SAPUAN (SPREADS)
84,202,SERI KAYA YEO'S,480 g,BARANGAN BERBUNGKUS,SAPUAN (SPREADS)
85,203,MAINLAND CHESDALE CHEDDAR CHEESE SPREAD 12 CHEDDAR,250 g,BARANGAN BERBUNGKUS,SAPUAN (SPREADS)
86,204,KRAFT HI - CALCIUM SINGLES PROCESSED CHEESE 12 SLICES,250 g,BARANGAN BERBUNGKUS,SAPUAN (SPREADS)
87,205,MARJERIN DAISY,480 g,BARANGAN BERBUNGKUS,SAPUAN (SPREADS)
88,206,MARJERIN PLANTA,480 g,BARANGAN BERBUNGKUS,SAPUAN (SPREADS)
89,212,KICAP TAMIN (DARK SOY SAUCE),330 ml,BARANGAN BERBUNGKUS,KICAP DAN SOS
90,214,KICAP LEMAK MANIS CAP KIPAS UDANG,345ml,BARANGAN BERBUNGKUS,KICAP DAN SOS
91,215,KICAP LEMAK MANIS CAP JALEN,650 ml,BARANGAN BERBUNGKUS,KICAP DAN SOS
92,217,SOS TOMATO MAGGI,325 g,BARANGAN BERBUNGKUS,KICAP DAN SOS
93,218,SOS CILI LIFE,340 g,BARANGAN BERBUNGKUS,KICAP DAN SOS
94,221,DRINHO SOYA (KOTAK),250 ml,MINUMAN,TERSEDIA MINUM
95,224,SUSU SEGAR DUTCH LADY,1 liter,MINUMAN,TERSEDIA MINUM
96,225,SUSU MARIGOLD HL,1 liter,MINUMAN,TERSEDIA MINUM
97,226,YEO'S LAICI (KOTAK),250 ml,MINUMAN,TERSEDIA MINUM
98,228,COCA COLA (BOTOL),1.5 liter,MINUMAN,TERSEDIA MINUM
99,229,F&N OREN (TIN),325 ml,MINUMAN,TERSEDIA MINUM
100,230,F&N OREN (BOTOL),1.5 liter,MINUMAN,TERSEDIA MINUM
101,232,MIRINDA OREN (BOTOL),1.5 liter,MINUMAN,TERSEDIA MINUM
102,235,JUS OREN PEEL FRESH (MARIGOLD),1 liter,MINUMAN,TERSEDIA MINUM
103,236,JUS OREN SUNKIST,1 liter,MINUMAN,TERSEDIA MINUM
104,239,RED BULL (BOTOL),150 ml,MINUMAN,TERSEDIA MINUM
105,240,LIVITA WITH HONEY (BOTOL),150 ml,MINUMAN,TERSEDIA MINUM
106,246,MINYAK JAGUNG CAP MAZOLA,1kg,BARANGAN BERBUNGKUS,MINYAK DAN LEMAK
107,254,MINYAK MASAK SEBATIAN CAP HELANG,5 kg,BARANGAN BERBUNGKUS,MINYAK DAN LEMAK
108,257,MINYAK MASAK SEBATIAN CAP NEPTUNE,5 kg,BARANGAN BERBUNGKUS,MINYAK DAN LEMAK
109,260,MINYAK MASAK SEBATIAN CAP PISAU,5 kg,BARANGAN BERBUNGKUS,MINYAK DAN LEMAK
110,263,MINYAK MASAK TULEN CAP BURUH,5 kg,BARANGAN BERBUNGKUS,MINYAK DAN LEMAK
111,266,MINYAK MASAK TULEN CAP SERI MURNI,5 kg,BARANGAN BERBUNGKUS,MINYAK DAN LEMAK
112,267,MINYAK MASAK TULEN CAP VESAWIT,1kg,BARANGAN BERBUNGKUS,MINYAK DAN LEMAK
113,271,MINYAK SAPI CAP QBB,400 g,BARANGAN BERBUNGKUS,MINYAK DAN LEMAK
114,272,ROTI SANDWICH GARDENIA ORIGINAL CLASSIC,400 g,BARANGAN BERBUNGKUS,ROTI
115,292,UBAT GIGI COLGATE (PUDINA SEGAR),250 g,PRODUK KEBERSIHAN,PENJAGAAN DIRI
116,293,UBAT GIGI DARLIE DOUBLE ACTION (PUDINA ASLI),250 g,PRODUK KEBERSIHAN,PENJAGAAN DIRI
117,295,UBAT GIGI FRESH & WHITE (PUDINA SEGAR),160 g,PRODUK KEBERSIHAN,PENJAGAAN DIRI
118,299,LACTOGEN 1 RUMUSAN BAYI (KOTAK),650g,SUSU DAN BARANGAN BAYI,SUSU BAYI
119,300,LACTOGEN 2 RUMUSAN SUSULAN (KOTAK),650g,SUSU DAN BARANGAN BAYI,SUSU BAYI
120,303,ENFAGROW A+ MIND PRO LANGKAH 3 VANILLA (KOTAK),600 g,SUSU DAN BARANGAN BAYI,SUSU BAYI
121,320,SUSU SEJAT PENUH KRIM CAP IDEAL,390g,BARANGAN BERBUNGKUS,KRIMER DAN SUSU TEPUNG
122,327,SUSU TEPUNG ISIAN KURANG LEMAK 'OMEGA PLUS',1kg,BARANGAN BERBUNGKUS,KRIMER DAN SUSU TEPUNG
123,332,SUSU TEPUNG SEGERA FERNLEAF (INSTANT),550 g,BARANGAN BERBUNGKUS,KRIMER DAN SUSU TEPUNG
124,334,SUSU ANLENE ACTIFIT 3X PERISA ASLI,600 g,BARANGAN BERBUNGKUS,KRIMER DAN SUSU TEPUNG
125,335,SUSU ANLENE GOLD 5X,600 g,BARANGAN BERBUNGKUS,KRIMER DAN SUSU TEPUNG
126,336,ANMUM MATERNA (BIASA/COKLAT),650g,BARANGAN BERBUNGKUS,KRIMER DAN SUSU TEPUNG
127,343,KULIT KAYU MANIS,100 g,BARANGAN BERBUNGKUS,REMPAH RATUS (TIDAK BERBUNGKUS)
128,344,SUSU TEPUNG SEGERA EVERYDAY,550 g,BARANGAN BERBUNGKUS,KRIMER DAN SUSU TEPUNG
129,345,SUSU TEPUNG ISIAN KURANG LEMAK 'OMEGA PLUS',600 g,BARANGAN BERBUNGKUS,KRIMER DAN SUSU TEPUNG
130,346,REMPAH KURMA (TIDAK BERBUNGKUS),100 g,BARANGAN BERBUNGKUS,REMPAH RATUS (TIDAK BERBUNGKUS)
131,347,REMPAH SUP (TIDAK BERBUNGKUS),100 g,BARANGAN BERBUNGKUS,REMPAH RATUS (TIDAK BERBUNGKUS)
132,350,SERBUK KARI IKAN BABAS,250 g,BARANGAN BERBUNGKUS,REMPAH RATUS (BERBUNGKUS)
133,360,SUP BUNJUT ADABI,8 g,BARANGAN BERBUNGKUS,REMPAH RATUS (BERBUNGKUS)
134,361,SUP PUNJUT MAK SITI,10 g,BARANGAN BERBUNGKUS,REMPAH RATUS (BERBUNGKUS)
135,364,SERBUK CILI BABAS,250 g,BARANGAN BERBUNGKUS,REMPAH RATUS (BERBUNGKUS)
136,365,SERBUK KUNYIT CAMPURAN (SEBATIAN) ADABI,250 g,BARANGAN BERBUNGKUS,REMPAH RATUS (BERBUNGKUS)
137,367,SERBUK KUNYIT BABAS,250 g,BARANGAN BERBUNGKUS,REMPAH RATUS (BERBUNGKUS)
138,368,KACANG TANAH (IMPORT),1kg,BARANGAN KERING,KACANG
139,388,KRIMER MANIS CAP JUNJUNG,500 g,BARANGAN BERBUNGKUS,KRIMER DAN SUSU TEPUNG
140,716,CILI API/PADI HIJAU,1kg,BARANGAN SEGAR,SAYUR-SAYURAN
141,843,ANMUM LACTA (BIASA),650g,BARANGAN BERBUNGKUS,KRIMER DAN SUSU TEPUNG
142,845,SOTONG (≥ 6 EKOR SEKILOGRAM),1kg,BARANGAN SEGAR,BAHAN LAUT
143,847,KETAM RENJONG/BUNGA (ANTARA 5 HINGGA 8 EKOR SEKILOGRAM),1kg,BARANGAN SEGAR,BAHAN LAUT
144,849,UDANG PUTIH KECIL (b	% 61 EKOR SEKILOGRAM),1kg,BARANGAN SEGAR,BAHAN LAUT
145,850,UDANG HARIMAU (ANTARA 20 HINGGA 30 EKOR SEKILOGRAM),1kg,BARANGAN SEGAR,BAHAN LAUT
146,861,UBI KENTANG HOLLAND,1kg,BARANGAN KERING,UBI KENTANG
147,863,JINTAN MANIS (KASAR),100 g,BARANGAN BERBUNGKUS,REMPAH RATUS (TIDAK BERBUNGKUS)
148,864,BUNGA CENGKIH,100 g,BARANGAN BERBUNGKUS,REMPAH RATUS (TIDAK BERBUNGKUS)
149,865,BUNGA LAWANG,100 g,BARANGAN BERBUNGKUS,REMPAH RATUS (TIDAK BERBUNGKUS)
150,866,BUAH PELAGA,100 g,BARANGAN BERBUNGKUS,REMPAH RATUS (TIDAK BERBUNGKUS)
151,867,BUAH KERAS,100 g,BARANGAN BERBUNGKUS,REMPAH RATUS (TIDAK BERBUNGKUS)
152,868,BUAH PALA,100 g,BARANGAN BERBUNGKUS,REMPAH RATUS (TIDAK BERBUNGKUS)
153,869,BIJI SAWI,100 g,BARANGAN BERBUNGKUS,REMPAH RATUS (TIDAK BERBUNGKUS)
154,870,BIJI KETUMBAR,100 g,BARANGAN BERBUNGKUS,REMPAH RATUS (TIDAK BERBUNGKUS)
155,871,LADA HITAM,100 g,BARANGAN BERBUNGKUS,REMPAH RATUS (TIDAK BERBUNGKUS)
156,873,LADA PUTIH,100 g,BARANGAN BERBUNGKUS,REMPAH RATUS (TIDAK BERBUNGKUS)
157,883,KRIMER MANIS BERVITAMIN CAP F&N,500 g,BARANGAN BERBUNGKUS,KRIMER DAN SUSU TEPUNG
158,884,KRIMER MANIS CAP GOLD COIN,500 g,BARANGAN BERBUNGKUS,KRIMER DAN SUSU TEPUNG
159,896,HALBA,100 g,BARANGAN BERBUNGKUS,REMPAH RATUS (TIDAK BERBUNGKUS)
160,904,BERAS SUPER CAP RAMBUTAN 5% (IMPORT),10 kg,BARANGAN BERBUNGKUS,BERAS
161,910,KORDIAL F&N (SIRAP ROS),2 liter,MINUMAN,BAHAN-BAHAN MINUMAN
162,917,"TEPUNG GANDUM NGP (BERBUNGKUS, CAP SAUH)",1kg,BARANGAN BERBUNGKUS,TEPUNG
163,918,MINYAK MASAK PAKET (PELBAGAI JENAMA),1kg,BARANGAN BERBUNGKUS,MINYAK DAN LEMAK
164,919,SUSU TEPUNG PENUH KRIM DUTCHLADY,600 g,BARANGAN BERBUNGKUS,KRIMER DAN SUSU TEPUNG
165,929,NESCAFE CLASSIC (PAKET),200 g,MINUMAN,BAHAN-BAHAN MINUMAN
166,957,SOS CILI KIMBALL,340 g,BARANGAN BERBUNGKUS,KICAP DAN SOS
167,992,BERAS CAP JATI (SST5%),10 kg,BARANGAN BERBUNGKUS,BERAS
168,1017,FISHERMAN'S FRIEND ORIGINAL,25 g,BARANGAN KEDAI SERBANEKA,UBAT-UBATAN
169,1019,MINYAK ANGIN CAP KAPAK,3 ml,BARANGAN KEDAI SERBANEKA,UBAT-UBATAN
170,1020,VICKS VAPORUB,10 g,BARANGAN KEDAI SERBANEKA,UBAT-UBATAN
171,1025,LISTERINE COOL MINT,250 ml,BARANGAN KEDAI SERBANEKA,MOUTH WASH
172,1050,MAGGI MEE CURRY,79 g,BARANGAN KEDAI SERBANEKA,MAKANAN SEGERA
173,1063,KINDER BUENO - MILK & HAZELNUT,43 g,BARANGAN KEDAI SERBANEKA,COKLAT
174,1070,SOS CILI MAGGI,340 g,BARANGAN BERBUNGKUS,KICAP DAN SOS
175,1080,SERBUK PENAIK ROYAL (TIN),226g,BARANGAN BERBUNGKUS,ESEN DAN RAGI
176,1081,MACKAREL CAP KING CUP (SOS TOMATO),155 g,BARANGAN BERBUNGKUS,IKAN DALAM TIN
177,1082,MACKAREL CAP AYAM (SOS TOMATO),155 g,BARANGAN BERBUNGKUS,IKAN DALAM TIN
178,1084,TEH BOH (SERBUK),500 g,MINUMAN,BAHAN-BAHAN MINUMAN
179,1086,MINYAK JAGUNG CAP DAISY,1kg,BARANGAN BERBUNGKUS,MINYAK DAN LEMAK
180,1087,MINYAK JAGUNG CAP DAISY,3 kg,BARANGAN BERBUNGKUS,MINYAK DAN LEMAK
181,1088,MINYAK JAGUNG CAP MAZOLA,3 kg,BARANGAN BERBUNGKUS,MINYAK DAN LEMAK
182,1089,MINYAK JAGUNG CAP VECORN,3 kg,BARANGAN BERBUNGKUS,MINYAK DAN LEMAK
183,1090,MINYAK JAGUNG CAP VECORN,1kg,BARANGAN BERBUNGKUS,MINYAK DAN LEMAK
184,1091,MINYAK MASAK SEBATIAN CAP HELANG,1kg,BARANGAN BERBUNGKUS,MINYAK DAN LEMAK
185,1092,MINYAK MASAK SEBATIAN CAP NEPTUNE,1kg,BARANGAN BERBUNGKUS,MINYAK DAN LEMAK
186,1093,MINYAK MASAK SEBATIAN CAP PISAU,1kg,BARANGAN BERBUNGKUS,MINYAK DAN LEMAK
187,1094,MINYAK MASAK TULEN CAP BURUH,1kg,BARANGAN BERBUNGKUS,MINYAK DAN LEMAK
188,1095,MINYAK MASAK TULEN CAP VESAWIT,5 kg,BARANGAN BERBUNGKUS,MINYAK DAN LEMAK
189,1097,SOS CILI MAGGI,500 g,BARANGAN BERBUNGKUS,KICAP DAN SOS
190,1100,MINYAK MASAK TULEN CAP SERI MURNI,1kg,BARANGAN BERBUNGKUS,MINYAK DAN LEMAK
191,1101,MINYAK MASAK TULEN CAP SERI MURNI,2 kg,BARANGAN BERBUNGKUS,MINYAK DAN LEMAK
192,1105,SUSU ANLENE ACTIFIT 3X COKLAT,600 g,BARANGAN BERBUNGKUS,KRIMER DAN SUSU TEPUNG
193,1109,TELUR AYAM GRED A,30 biji,BARANGAN SEGAR,TELUR
194,1110,TELUR AYAM GRED B,30 biji,BARANGAN SEGAR,TELUR
195,1111,TELUR AYAM GRED C,30 biji,BARANGAN SEGAR,TELUR
196,1114,SOS TIRAM KIMBALL,510 g,BARANGAN BERBUNGKUS,KICAP DAN SOS
197,1115,KICAP LEMAK MASIN CAP KIPAS UDANG,345ml,BARANGAN BERBUNGKUS,KICAP DAN SOS
198,1116,SOS TIRAM NONA,510 g,BARANGAN BERBUNGKUS,KICAP DAN SOS
199,1117,SOS TIRAM ADABI,510 g,BARANGAN BERBUNGKUS,KICAP DAN SOS
200,1125,SERBUK CILI KIJANG,250 g,BARANGAN BERBUNGKUS,REMPAH RATUS (BERBUNGKUS)
201,1127,AYAM BELANDA IMPORT,1kg,BARANGAN SEGAR,AYAM
202,1128,LADA BENGGALA HIJAU (CAPSICUM),1kg,BARANGAN SEGAR,SAYUR-SAYURAN
203,1129,LADA BENGGALA MERAH (CAPSICUM),1kg,BARANGAN SEGAR,SAYUR-SAYURAN
204,1130,LADA BENGGALA KUNING (CAPSICUM),1kg,BARANGAN SEGAR,SAYUR-SAYURAN
205,1131,UBI KENTANG IMPORT (CHINA),1kg,BARANGAN KERING,UBI KENTANG
206,1132,LIMAU NIPIS,1kg,BARANGAN SEGAR,BUAH-BUAHAN
207,1135,KICAP MANIS ADABI,340ml,BARANGAN BERBUNGKUS,KICAP DAN SOS
208,1136,KICAP MASIN ADABI,340ml,BARANGAN BERBUNGKUS,KICAP DAN SOS
209,1137,SOS CILI THAI LIFE,360g,BARANGAN BERBUNGKUS,KICAP DAN SOS
210,1138,SOS TIRAM MAGGI,340 g,BARANGAN BERBUNGKUS,KICAP DAN SOS
211,1139,SOS TOMATO LIFE,330 g,BARANGAN BERBUNGKUS,KICAP DAN SOS
212,1140,MARJERIN PLANTA,240 g,BARANGAN BERBUNGKUS,SAPUAN (SPREADS)
213,1141,MARJERIN DAISY,240 g,BARANGAN BERBUNGKUS,SAPUAN (SPREADS)
214,1142,SARDIN CAP ADABI (SOS TOMATO DENGAN CILI),425 g,BARANGAN BERBUNGKUS,IKAN DALAM TIN
215,1144,MENTEGA KACANG HALUS LADY'S CHOICE,340 g,BARANGAN BERBUNGKUS,SAPUAN (SPREADS)
216,1145,NESTLE CERELAC BERAS - TIN,500 g,SUSU DAN BARANGAN BAYI,MAKANAN BAYI
217,1151,SANTAN KELAPA JENAMA AYAM BRAND,1 liter,BARANGAN BERBUNGKUS,SANTAN (KOTAK)
218,1153,PERENCAH TOM YAM ADABI,40 g,BARANGAN BERBUNGKUS,REMPAH RATUS (BERBUNGKUS)
219,1157,NASI PUTIH KOSONG,sepinggan,MAKANAN SIAP MASAK,NASI
220,1158,NASI AYAM,sepinggan,MAKANAN SIAP MASAK,NASI
221,1159,NASI LEMAK (BERBUNGKUS),sebungkus,MAKANAN SIAP MASAK,NASI
222,1160,NASI LEMAK (TIDAK BERBUNGKUS),sepinggan,MAKANAN SIAP MASAK,NASI
223,1161,NASI + SAYUR + IKAN,sepinggan,MAKANAN SIAP MASAK,NASI
224,1162,NASI + SAYUR + AYAM,sepinggan,MAKANAN SIAP MASAK,NASI
225,1163,NASI + SAYUR + DAGING,sepinggan,MAKANAN SIAP MASAK,NASI
226,1164,NASI + SAYUR + SOTONG,sepinggan,MAKANAN SIAP MASAK,NASI
227,1165,NASI + SAYUR + UDANG,sepinggan,MAKANAN SIAP MASAK,NASI
228,1167,NASI GORENG KAMPUNG,sepinggan,MAKANAN SIAP MASAK,NASI
229,1168,NASI GORENG PAPRIK,sepinggan,MAKANAN SIAP MASAK,NASI
230,1169,NASI GORENG CINA,sepinggan,MAKANAN SIAP MASAK,NASI
231,1170,NASI GORENG PATAYA,sepinggan,MAKANAN SIAP MASAK,NASI
232,1172,NASI GORENG CILI PADI,sepinggan,MAKANAN SIAP MASAK,NASI
233,1173,NASI GORENG DAGING MERAH,sepinggan,MAKANAN SIAP MASAK,NASI
234,1174,NASI GORENG USA,sepinggan,MAKANAN SIAP MASAK,NASI
235,1175,NASI GORENG AYAM,sepinggan,MAKANAN SIAP MASAK,NASI
236,1183,BIHUN GORENG,sepinggan,MAKANAN SIAP MASAK,MEE / BIHUN / KUEY TEOW
237,1184,BIHUN HAILAM,sepinggan,MAKANAN SIAP MASAK,MEE / BIHUN / KUEY TEOW
238,1186,BIHUN TOMYAM,semangkuk,MAKANAN SIAP MASAK,MEE / BIHUN / KUEY TEOW
239,1187,BIHUN BANDUNG,semangkuk,MAKANAN SIAP MASAK,MEE / BIHUN / KUEY TEOW
240,1188,BIHUN LADNA,sepinggan,MAKANAN SIAP MASAK,MEE / BIHUN / KUEY TEOW
241,1189,BIHUN KUNGFU,sepinggan,MAKANAN SIAP MASAK,MEE / BIHUN / KUEY TEOW
242,1198,AYAM GORENG,seketul,MAKANAN SIAP MASAK,LAUK
243,1199,AYAM MASAK MERAH,seketul,MAKANAN SIAP MASAK,LAUK
244,1200,AYAM MASAK KICAP,seketul,MAKANAN SIAP MASAK,LAUK
245,1201,AYAM MASAK HALIA,seketul,MAKANAN SIAP MASAK,LAUK
246,1202,DAGING MASAK MERAH,sepiring,MAKANAN SIAP MASAK,LAUK
247,1203,DAGING MASAK KICAP,sepiring,MAKANAN SIAP MASAK,LAUK
248,1204,DAGING MASAK HALIA,sepiring,MAKANAN SIAP MASAK,LAUK
249,1205,DAGING MASAK PAPRIK,sepiring,MAKANAN SIAP MASAK,LAUK
250,1206,SOTONG GORENG,sepiring,MAKANAN SIAP MASAK,LAUK
251,1207,SOTONG MASAK MERAH,sepiring,MAKANAN SIAP MASAK,LAUK
252,1208,SOTONG MASAK KICAP,sepiring,MAKANAN SIAP MASAK,LAUK
253,1209,SOTONG MASAK HALIA,sepiring,MAKANAN SIAP MASAK,LAUK
254,1210,UDANG GORENG,sepiring,MAKANAN SIAP MASAK,LAUK
255,1211,UDANG MASAK MERAH,sepiring,MAKANAN SIAP MASAK,LAUK
256,1212,UDANG MASAK KICAP,sepiring,MAKANAN SIAP MASAK,LAUK
257,1213,UDANG MASAK HALIA,sepiring,MAKANAN SIAP MASAK,LAUK
258,1214,SAYUR CAMPUR,sepiring,MAKANAN SIAP MASAK,LAUK
259,1215,SAYUR KAILAN IKAN MASIN,sepiring,MAKANAN SIAP MASAK,LAUK
260,1216,SAYUR KANGKUNG GORENG BELACAN,sepiring,MAKANAN SIAP MASAK,LAUK
261,1232,TELUR MATA KERBAU,sebiji,MAKANAN SIAP MASAK,LAUK
262,1233,TELUR DADAR,sebiji,MAKANAN SIAP MASAK,LAUK
263,1234,TELUR BISTIK,1 set,MAKANAN SIAP MASAK,LAUK
264,1235,TELUR SETENGAH MASAK,sebiji,MAKANAN SIAP MASAK,LAUK
265,1236,TELUR REBUS,sebiji,MAKANAN SIAP MASAK,LAUK
266,1237,TELUR MASIN,sebiji,MAKANAN SIAP MASAK,LAUK
267,1238,SUP AYAM,semangkuk,MAKANAN SIAP MASAK,LAUK
268,1239,SUP DAGING,semangkuk,MAKANAN SIAP MASAK,LAUK
269,1240,SUP EKOR,semangkuk,MAKANAN SIAP MASAK,LAUK
270,1241,SUP CAMPUR,semangkuk,MAKANAN SIAP MASAK,LAUK
271,1242,TOM YAM CAMPUR,semangkuk,MAKANAN SIAP MASAK,LAUK
272,1243,TOM YAM AYAM,semangkuk,MAKANAN SIAP MASAK,LAUK
273,1244,TOM YAM DAGING,semangkuk,MAKANAN SIAP MASAK,LAUK
274,1245,TOM YAM UDANG,semangkuk,MAKANAN SIAP MASAK,LAUK
275,1246,TOM YAM SOTONG,semangkuk,MAKANAN SIAP MASAK,LAUK
276,1247,MAGGI GORENG,sepinggan,MAKANAN SIAP MASAK,LAIN-LAIN
277,1248,MAGGI SUP,semangkuk,MAKANAN SIAP MASAK,LAIN-LAIN
278,1250,ROTI TELUR,sekeping,MAKANAN SIAP MASAK,LAIN-LAIN
279,1252,KUIH LAPIS,sebiji,MAKANAN SIAP MASAK,LAIN-LAIN
280,1253,KUIH SERI MUKA,sebiji,MAKANAN SIAP MASAK,LAIN-LAIN
281,1254,PAU KACANG MERAH,sebiji,MAKANAN SIAP MASAK,LAIN-LAIN
282,1255,PAU AYAM,sebiji,MAKANAN SIAP MASAK,LAIN-LAIN
283,1256,PAU KAYA,sebiji,MAKANAN SIAP MASAK,LAIN-LAIN
284,1264,AYAM SOS LEMON,sepiring,MAKANAN SIAP MASAK,LAUK
285,1265,SOTONG GORENG ASAM,sepiring,MAKANAN SIAP MASAK,LAUK
286,1266,UDANG BUTTER,sepiring,MAKANAN SIAP MASAK,LAUK
287,1277,SUP IKAN,semangkuk,MAKANAN SIAP MASAK,LAUK
288,1278,SUP SAYUR MASIN,semangkuk,MAKANAN SIAP MASAK,LAUK
289,1279,PAU DAGING,sebiji,MAKANAN SIAP MASAK,LAIN-LAIN
290,1281,NASI BRIYANI AYAM,sepinggan,MAKANAN SIAP MASAK,NASI
291,1282,NASI BRIYANI KAMBING,sepinggan,MAKANAN SIAP MASAK,NASI
292,1284,NASI BRIYANI BUKHARA,sepinggan,MAKANAN SIAP MASAK,NASI
293,1285,AYAM MASAK KARI,seketul,MAKANAN SIAP MASAK,LAUK
294,1289,SUP TULANG,semangkuk,MAKANAN SIAP MASAK,LAUK
295,1290,SUP KAMBING,semangkuk,MAKANAN SIAP MASAK,LAUK
296,1291,ROTI PISANG,sekeping,MAKANAN SIAP MASAK,LAIN-LAIN
297,1292,ROTI BAWANG,sekeping,MAKANAN SIAP MASAK,LAIN-LAIN
298,1293,ROTI BOOM,sekeping,MAKANAN SIAP MASAK,LAIN-LAIN
299,1294,RAWA TOSAI,sekeping,MAKANAN SIAP MASAK,LAIN-LAIN
300,1295,ROTI TISU,sekeping,MAKANAN SIAP MASAK,LAIN-LAIN
301,1296,CAPATI,sekeping,MAKANAN SIAP MASAK,LAIN-LAIN
302,1297,Ayam Tandoori,seketul,MAKANAN SIAP MASAK,LAUK
303,1298,ROTI BAKAR,1 set,MAKANAN SIAP MASAK,LAIN-LAIN
304,1299,MURTABAK AYAM,sekeping,MAKANAN SIAP MASAK,LAIN-LAIN
305,1300,MURTABAK DAGING,sekeping,MAKANAN SIAP MASAK,LAIN-LAIN
306,1301,MURTABAK KAMBING,sekeping,MAKANAN SIAP MASAK,LAIN-LAIN
307,1307,AIR SUAM,gelas kecil,MAKANAN SIAP MASAK,MINUMAN
308,1309,Kopi Panas,gelas kecil,MAKANAN SIAP MASAK,MINUMAN
309,1311,TEH 'O' LIMAU PANAS,gelas kecil,MAKANAN SIAP MASAK,MINUMAN
310,1312,Teh Panas,gelas kecil,MAKANAN SIAP MASAK,MINUMAN
311,1314,TEH HALIA PANAS,gelas kecil,MAKANAN SIAP MASAK,MINUMAN
312,1315,NESCAFE PANAS,gelas kecil,MAKANAN SIAP MASAK,MINUMAN
313,1317,NESLO PANAS,gelas kecil,MAKANAN SIAP MASAK,MINUMAN
314,1318,HORLICKS PANAS,gelas kecil,MAKANAN SIAP MASAK,MINUMAN
315,1319,MILO PANAS,gelas kecil,MAKANAN SIAP MASAK,MINUMAN
316,1320,BARLI PANAS,gelas kecil,MAKANAN SIAP MASAK,MINUMAN
317,1321,MILO 'O' PANAS,gelas kecil,MAKANAN SIAP MASAK,MINUMAN
318,1322,AIR KOSONG,gelas besar,MAKANAN SIAP MASAK,MINUMAN
319,1339,JUS EPAL,segelas,MAKANAN SIAP MASAK,MINUMAN
320,1340,JUS MANGGA,segelas,MAKANAN SIAP MASAK,MINUMAN
321,1341,JUS TEMBIKAI,segelas,MAKANAN SIAP MASAK,MINUMAN
322,1343,JUS BELIMBING,segelas,MAKANAN SIAP MASAK,MINUMAN
323,1344,JUS LAICI,segelas,MAKANAN SIAP MASAK,MINUMAN
324,1355,100 PLUS (ORIGINAL),1.5 liter,MINUMAN,TERSEDIA MINUM
325,1358,ROTI SARDIN,sekeping,MAKANAN SIAP MASAK,LAIN-LAIN
326,1359,KOPI 'O' PANAS,gelas kecil,MAKANAN SIAP MASAK,MINUMAN
327,1360,TEH 'O' PANAS,gelas kecil,MAKANAN SIAP MASAK,MINUMAN
328,1364,AYAM TUA HIDUP,1kg,BARANGAN SEGAR,AYAM
329,1367,DAGING PAHA KAMBING BEBIRI IMPORT BERTULANG  (MUTTON) (AUSTRALIA),1kg,BARANGAN SEGAR,DAGING
330,1368,DAGING PAHA KAMBING BEBIRI IMPORT BERTULANG (MUTTON) (NEW ZEALAND),1kg,BARANGAN SEGAR,DAGING
331,1369,DAGING KAMBING TEMPATAN BERTULANG,1kg,BARANGAN SEGAR,DAGING
332,1370,DAGING LEMBU IMPORT (TOPSIDE),1kg,BARANGAN SEGAR,DAGING
333,1371,DAGING LEMBU IMPORT (BLADE),1kg,BARANGAN SEGAR,DAGING
334,1372,DAGING LEMBU IMPORT (CHUCKTENDER),1kg,BARANGAN SEGAR,DAGING
335,1373,DAGING LEMBU IMPORT (KNUCKLE),1kg,BARANGAN SEGAR,DAGING
336,1374,DAGING KERBAU TEMPATAN,1kg,BARANGAN SEGAR,DAGING
337,1375,DAGING KERBAU IMPORT (INDIA) * (SILVERSIDE),1kg,BARANGAN SEGAR,DAGING
338,1376,DAGING KERBAU IMPORT (INDIA) * (RUMP),1kg,BARANGAN SEGAR,DAGING
339,1377,DAGING KERBAU IMPORT (INDIA) * (BLADE),1kg,BARANGAN SEGAR,DAGING
340,1378,DAGING KERBAU IMPORT (INDIA) * (CHUCK),1kg,BARANGAN SEGAR,DAGING
341,1379,DAGING BABI (PERUT / BELLY),1kg,BARANGAN SEGAR,DAGING
342,1380,DAGING BABI (DAGING & LEMAK / LEAN & FAT),1kg,BARANGAN SEGAR,DAGING
343,1381,DAGING BABI (ISI DAGING / PURE LEAN),1kg,BARANGAN SEGAR,DAGING
344,1383,DAGING BABI (RUSUK DENGAN DAGING/ RIBS WITH MEAT),1kg,BARANGAN SEGAR,DAGING
345,1384,BABI HIDUP (±100KG / SEEKOR),±100kg/seekor,BARANGAN SEGAR,DAGING
346,1391,UDANG PUTIH BESAR/BANANA PRAWN (BERAT ANTARA 41 EKOR HINGGA 60 EKOR SEKILOGRAM),1kg,BARANGAN SEGAR,BAHAN LAUT
347,1396,KUBIS BULAT IMPORT (INDONESIA),1kg,BARANGAN SEGAR,SAYUR-SAYURAN
348,1399,BAWANG PERAI (LEEK) TEMPATAN,1kg,BARANGAN SEGAR,SAYUR-SAYURAN
349,1400,BAWANG PERAI (LEEK) IMPORT,1kg,BARANGAN SEGAR,SAYUR-SAYURAN
350,1402,HORLICKS (PAKET),400 g,MINUMAN,BAHAN-BAHAN MINUMAN
351,1412,KUBIS PANJANG CHINA - BESAR,1kg,BARANGAN SEGAR,SAYUR-SAYURAN
352,1419,KACANG DAL BIASA (INDIA),1kg,BARANGAN KERING,KACANG
353,1420,KACANG DAL MALAVI (INDIA),1kg,BARANGAN KERING,KACANG
354,1422,KACANG DAL (AUSTRALIA),1kg,BARANGAN KERING,KACANG
355,1431,DAGING LEMBU TEMPATAN (BAHAGIAN 1 DAGING PAHA (KECUALI BATANG PINANG - TENDERLOIN),1kg,BARANGAN SEGAR,DAGING
356,1432,DAGING LEMBU TEMPATAN (BAHAGIAN 2 DAGING PEJAL (KECUALI BATANG PINANG - TENDERLOIN),1kg,BARANGAN SEGAR,DAGING
357,1436,IKAN KERISI (ANTARA 5 HINGGA 10 EKOR SEKILOGRAM),1kg,BARANGAN SEGAR,BAHAN LAUT
358,1437,IKAN SIAKAP (ANTARA 2 HINGGA 4 EKOR SEKILOGRAM),1kg,BARANGAN SEGAR,BAHAN LAUT
359,1438,IKAN TENGGIRI BATANG (KEPINGAN),1kg,BARANGAN SEGAR,BAHAN LAUT
360,1440,BAWANG BESAR IMPORT (INDIA),1kg,BARANGAN KERING,BAWANG
361,1441,BAWANG BESAR IMPORT (CHINA),1kg,BARANGAN KERING,BAWANG
362,1442,BAWANG KECIL MERAH BIASA IMPORT (INDIA),1kg,BARANGAN KERING,BAWANG
363,1443,BAWANG KECIL MERAH IMPORT (CHINA),1kg,BARANGAN KERING,BAWANG
364,1444,BAWANG KECIL MERAH IMPORT (MYANMAR),1kg,BARANGAN KERING,BAWANG
365,1445,BERAS CAP FAIZA EMAS (SST5%),10 kg,BARANGAN BERBUNGKUS,BERAS
366,1458,KUBIS BULAT IMPORT (BEIJING),1kg,BARANGAN SEGAR,SAYUR-SAYURAN
367,1463,KRIMER SEJAT CARNATION,390g,BARANGAN BERBUNGKUS,KRIMER DAN SUSU TEPUNG
368,1468,PANADOL FOR CHILDREN SUSPENSION 1-6,60ml,BARANGAN KEDAI SERBANEKA,UBAT-UBATAN
369,1469,NESCAFE ''O'' PANAS,gelas kecil,MAKANAN SIAP MASAK,MINUMAN
370,1474,BERAS BASMATHI - FAIZA (KASHMIR),5 kg,BARANGAN BERBUNGKUS,BERAS
371,1475,IKAN BAWAL PUTIH (ANTARA 2 HINGGA 5 EKOR SEKILOGRAM),1kg,BARANGAN SEGAR,BAHAN LAUT
372,1476,IKAN KEMBUNG (ANTARA 8 HINGGA 12 EKOR SEKILOGRAM),1kg,BARANGAN SEGAR,BAHAN LAUT
373,1477,IKAN MABUNG (ANTARA 6 HINGGA 10 EKOR SEKILOGRAM),1kg,BARANGAN SEGAR,BAHAN LAUT
374,1479,BROKOLI,1kg,BARANGAN SEGAR,SAYUR-SAYURAN
375,1481,KUBIS BUNGA (CAULIFLOWER),1kg,BARANGAN SEGAR,SAYUR-SAYURAN
376,1482,KUBIS PANJANG (TEMPATAN),1kg,BARANGAN SEGAR,SAYUR-SAYURAN
377,1483,MEE KUNING BASAH (PELBAGAI JENAMA),+-450g,BARANGAN SEGAR,MEE/KUETIAU
378,1484,KUETIAU BASAH (PELBAGAI JENAMA),+-450g,BARANGAN SEGAR,MEE/KUETIAU
379,1485,EPAL HIJAU GRANNY SMITH (SAIZ M),1 biji,BARANGAN SEGAR,BUAH-BUAHAN
380,1486,EPAL MERAH RED DELICIOUS (SAIZ M),1 biji,BARANGAN SEGAR,BUAH-BUAHAN
381,1487,OREN VALENCIA (SAIZ M),1 biji,BARANGAN SEGAR,BUAH-BUAHAN
382,1489,ASAM JAWA (BERBIJI) PELBAGAI JENAMA,200 g,BARANGAN BERBUNGKUS,REMPAH RATUS (BERBUNGKUS)
383,1491,BERAS PULUT THAILAND (SUSU) PELBAGAI JENAMA,1kg,BARANGAN BERBUNGKUS,BERAS
384,1492,BERAS PULUT THAILAND (BIASA) PELBAGAI JENAMA,1kg,BARANGAN BERBUNGKUS,BERAS
385,1493,BIHUN KERING TEMPATAN (CAP JASMINE),400 g,BARANGAN BERBUNGKUS,BIHUN
386,1494,ROTI GARDENIA BREAKTHRU - ROTI GANDUM PENUH,400 g,BARANGAN BERBUNGKUS,ROTI
387,1498,TEPUNG JAGUNG (PELBAGAI JENAMA),400 g,BARANGAN BERBUNGKUS,TEPUNG
388,1505,DUTCH LADY UHT COKLAT (KOTAK),200 ml,MINUMAN,TERSEDIA MINUM
389,1506,DUTCH LADY UHT FULL CREAM (KOTAK),200 ml,MINUMAN,TERSEDIA MINUM
390,1507,COCA COLA (TIN),320 ml,MINUMAN,TERSEDIA MINUM
391,1512,MAMEX LANGKAH 1 - RUMUSAN BAYI (KOTAK),600 g,SUSU DAN BARANGAN BAYI,SUSU BAYI
392,1513,SUSTAGEN KID 3+ (VANILLA) - KOTAK,600 g,SUSU DAN BARANGAN BAYI,SUSU BAYI
393,1514,SUSTAGEN JUNIOR 1+ (VANILLA ) - KOTAK,600 g,SUSU DAN BARANGAN BAYI,SUSU BAYI
394,1515,HEINZ FARLEY RUSKS (ORIGINAL),120 g,SUSU DAN BARANGAN BAYI,MAKANAN BAYI
395,1517,HEINZ APPLE PUREE,110 g,SUSU DAN BARANGAN BAYI,MAKANAN BAYI
396,1522,DRYPERS WEE WEE DRY,M74,SUSU DAN BARANGAN BAYI,LAMPIN PAKAI BUANG
397,1524,BERUS GIGI COLGATE (ZIG ZAG - SOFT),1 batang,PRODUK KEBERSIHAN,PENJAGAAN DIRI
398,1525,BERUS GIGI ORAL B (COMPLETE EASY CLEAN - SOFT),1 batang,PRODUK KEBERSIHAN,PENJAGAAN DIRI
399,1538,SABUN PENCUCI AXION PASTE (LEMON),350 g,PRODUK KEBERSIHAN,PENJAGAAN RUMAH
400,1539,SABUN PENCUCI KUAT HARIMAU (LEMON),400 g,PRODUK KEBERSIHAN,PENJAGAAN RUMAH
401,1540,SABUN PENCUCI GLO (LEMON),900ml,PRODUK KEBERSIHAN,PENJAGAAN RUMAH
402,1541,SABUN PENCUCI SUNLIGHT (LEMON),1000 ml,PRODUK KEBERSIHAN,PENJAGAAN RUMAH
403,1543,KIUB SUP TOMYAM (MAGGI),2 X 10G,BARANGAN BERBUNGKUS,REMPAH RATUS (BERBUNGKUS)
404,1544,SERBUK NASI GORENG CINA ADABI,17 g,BARANGAN BERBUNGKUS,REMPAH RATUS (BERBUNGKUS)
405,1545,PERENCAH NASI GORENG IKAN BILIS SERI AJI,26G,BARANGAN BERBUNGKUS,REMPAH RATUS (BERBUNGKUS)
406,1547,PEPSI COLA (TIN),320 ml,MINUMAN,TERSEDIA MINUM
407,1550,PAHA AYAM (CHICKEN DRUMSTICK),1kg,BARANGAN SEGAR,AYAM
408,1551,DADA AYAM (CHICKEN KEEL) (1KG),1kg,BARANGAN SEGAR,AYAM
409,1552,THIGH AYAM,1kg,BARANGAN SEGAR,AYAM
410,1553,WHOLE LEG AYAM,1kg,BARANGAN SEGAR,AYAM
411,1554,IKAN MERAH (KEPINGAN),1kg,BARANGAN SEGAR,BAHAN LAUT
412,1555,UDANG PUTIH/VANNAMEI (TERNAK) (ANTARA 41 HINGGA 60 EKOR SEKILOGRAM),1kg,BARANGAN SEGAR,BAHAN LAUT
413,1556,BAYAM HIJAU,1kg,BARANGAN SEGAR,SAYUR-SAYURAN
414,1557,BAYAM MERAH,1kg,BARANGAN SEGAR,SAYUR-SAYURAN
415,1558,SAWI HIJAU,1kg,BARANGAN SEGAR,SAYUR-SAYURAN
416,1559,KANGKUNG,1kg,BARANGAN SEGAR,SAYUR-SAYURAN
417,1560,KAILAN,1kg,BARANGAN SEGAR,SAYUR-SAYURAN
418,1561,TAUGE KACANG HIJAU,1kg,BARANGAN SEGAR,SAYUR-SAYURAN
419,1562,UDANG KERING,100 g,BARANGAN KERING,HASIL LAUT KERING
420,1563,SOTONG KERING (SAIZ SERDAHANA),1kg,BARANGAN KERING,HASIL LAUT KERING
421,1564,BAWANG PUTIH IMPORT (CHINA),1kg,BARANGAN KERING,BAWANG
422,1566,SERBUK KARI IKAN (TIDAK BERBUNGKUS),100 g,BARANGAN BERBUNGKUS,REMPAH RATUS (TIDAK BERBUNGKUS)
423,1567,SERBUK KARI DAGING (TIDAK BERBUNGKUS),100 g,BARANGAN BERBUNGKUS,REMPAH RATUS (TIDAK BERBUNGKUS)
424,1568,SERBUK KARI IKAN ADABI,250 g,BARANGAN BERBUNGKUS,REMPAH RATUS (BERBUNGKUS)
425,1569,SERBUK KARI IKAN ALAGAPPAS,250 g,BARANGAN BERBUNGKUS,REMPAH RATUS (BERBUNGKUS)
426,1570,SERBUK KARI AYAM DAN DAGING ADABI,250 g,BARANGAN BERBUNGKUS,REMPAH RATUS (BERBUNGKUS)
427,1571,SERBUK KARI DAGING ALAGAPPAS,250 g,BARANGAN BERBUNGKUS,REMPAH RATUS (BERBUNGKUS)
428,1572,SERBUK KARI DAGING BABAS,250 g,BARANGAN BERBUNGKUS,REMPAH RATUS (BERBUNGKUS)
429,1573,SERBUK KURMA AYAM & DAGING ADABI,250 g,BARANGAN BERBUNGKUS,REMPAH RATUS (BERBUNGKUS)
430,1575,SERBUK KURMA BABAS,125 g,BARANGAN BERBUNGKUS,REMPAH RATUS (BERBUNGKUS)
431,1576,SERBUK KARI KURMA ALAGAPPAS,200 g,BARANGAN BERBUNGKUS,REMPAH RATUS (BERBUNGKUS)
432,1577,SERBUK PERENCAH SUP ADABI,250 g,BARANGAN BERBUNGKUS,REMPAH RATUS (BERBUNGKUS)
433,1578,SERBUK REMPAH SUP MAK SITI,250 g,BARANGAN BERBUNGKUS,REMPAH RATUS (BERBUNGKUS)
434,1579,SERBUK SUP FAIZA,220 g,BARANGAN BERBUNGKUS,REMPAH RATUS (BERBUNGKUS)
435,1581,BERAS CAP RAMBUTAN (SST5%),10 kg,BARANGAN BERBUNGKUS,BERAS
436,1582,BERAS CAP JASMINE (SST5%),10 kg,BARANGAN BERBUNGKUS,BERAS
437,1583,BERAS SUPER CAP JATI TWR  5% (IMPORT),10 kg,BARANGAN BERBUNGKUS,BERAS
438,1585,BIHUN KERING IMPORT (CAP BINTANG),400 g,BARANGAN BERBUNGKUS,BIHUN
439,1586,ROTI SANDWICH MASSIMO DENGAN GERMA GANDUM,400 g,BARANGAN BERBUNGKUS,ROTI
440,1587,GULA HALUS CASTOR (PELBAGAI JENAMA),+- 500g,BARANGAN BERBUNGKUS,GULA
441,1588,GULA MERAH LEMBUT (PELBAGAI JENAMA),+- 500g,BARANGAN BERBUNGKUS,GULA
442,1589,GULA PUTIH BERTAPIS KASAR (PELBAGAI JENAMA),1kg,BARANGAN BERBUNGKUS,GULA
443,1590,GULA PUTIH BERTAPIS HALUS (PELBAGAI JENAMA),1kg,BARANGAN BERBUNGKUS,GULA
444,1591,TEPUNG BERAS (PELBAGAI JENAMA),500 g,BARANGAN BERBUNGKUS,TEPUNG
445,1593,TEPUNG GANDUM GP (BERBUNGKUS) PELBAGAI JENAMA,1kg,BARANGAN BERBUNGKUS,TEPUNG
446,1594,TEPUNG PULUT (PELBAGAI JENAMA),500 g,BARANGAN BERBUNGKUS,TEPUNG
447,1595,MINYAK JAGUNG CAP DAISY,2 kg,BARANGAN BERBUNGKUS,MINYAK DAN LEMAK
448,1596,MINYAK JAGUNG CAP MAZOLA,2 kg,BARANGAN BERBUNGKUS,MINYAK DAN LEMAK
449,1597,MINYAK JAGUNG CAP VECORN,2 kg,BARANGAN BERBUNGKUS,MINYAK DAN LEMAK
450,1598,MINYAK MASAK SEBATIAN CAP HELANG,2 kg,BARANGAN BERBUNGKUS,MINYAK DAN LEMAK
451,1599,MINYAK MASAK SEBATIAN CAP NEPTUNE,2 kg,BARANGAN BERBUNGKUS,MINYAK DAN LEMAK
452,1600,MINYAK MASAK SEBATIAN CAP PISAU,2 kg,BARANGAN BERBUNGKUS,MINYAK DAN LEMAK
453,1601,MINYAK MASAK TULEN CAP BURUH,2 kg,BARANGAN BERBUNGKUS,MINYAK DAN LEMAK
454,1602,MINYAK MASAK TULEN CAP VESAWIT,2 kg,BARANGAN BERBUNGKUS,MINYAK DAN LEMAK
455,1603,MINYAK SAPI CAP WINDMILL GHEEBLEND,400 g,BARANGAN BERBUNGKUS,MINYAK DAN LEMAK
456,1604,ASAM JAWA (TIDAK BERBIJI) ADABI,200 g,BARANGAN BERBUNGKUS,REMPAH RATUS (BERBUNGKUS)
457,1605,GARAM HALUS BIASA (PELBAGAI JENAMA),+-350g,BARANGAN BERBUNGKUS,REMPAH RATUS (BERBUNGKUS)
458,1606,MENTEGA KACANG HALUS LADY'S CHOICE,500 g,BARANGAN BERBUNGKUS,SAPUAN (SPREADS)
459,1607,LEPAAN FARMCOWS,250 g,BARANGAN BERBUNGKUS,SAPUAN (SPREADS)
460,1608,LEPAAN BUTTERCUP,250 g,BARANGAN BERBUNGKUS,SAPUAN (SPREADS)
461,1609,MENTEGA SCS (SALTED),250 g,BARANGAN BERBUNGKUS,MENTEGA
462,1610,SANTAN KELAPA JENAMA M&S,500 ml,BARANGAN BERBUNGKUS,SANTAN (KOTAK)
463,1611,SANTAN KELAPA JENAMA KARA,200 ml,BARANGAN BERBUNGKUS,SANTAN (KOTAK)
464,1612,SANTAN KELAPA JENAMA HARMUNI,200 ml,BARANGAN BERBUNGKUS,SANTAN (KOTAK)
465,1613,ESEN STAR BRAND 'PELBAGAI PERISA',25 ml,BARANGAN BERBUNGKUS,ESEN DAN RAGI
466,1615,MENTEGA ANCHOR (SALTED),227g,BARANGAN BERBUNGKUS,MENTEGA
467,1616,MAURIPAN YIS SEGERA,11g,BARANGAN BERBUNGKUS,ESEN DAN RAGI
468,1618,SUSU ISIAN PEKAT MANIS CAP F & N,500 g,BARANGAN BERBUNGKUS,KRIMER DAN SUSU TEPUNG
469,1619,SUSU TEPUNG SEGERA DUTCHLADY (BIASA ),600 g,BARANGAN BERBUNGKUS,KRIMER DAN SUSU TEPUNG
470,1623,S-26 SMA RUMUSAN BAYI LANGKAH 1 - (KOTAK),600 g,SUSU DAN BARANGAN BAYI,SUSU BAYI
471,1624,S-26 GOLD SMA RUMUSAN BAYI LANGKAH 1 - (KOTAK),600 g,SUSU DAN BARANGAN BAYI,SUSU BAYI
472,1628,NESTLE CERELAC GANDUM DAN MADU - KOTAK,225g,SUSU DAN BARANGAN BAYI,MAKANAN BAYI
473,1629,NESTLE CERELAC BERAS MERAH & SUSU - TIN,350 g,SUSU DAN BARANGAN BAYI,MAKANAN BAYI
474,1630,BERUS GIGI COLGATE (TWISTER - SOFT),1 batang,PRODUK KEBERSIHAN,PENJAGAAN DIRI
475,1635,NESTLE COFFEE-MATE,450 g,MINUMAN,BAHAN-BAHAN MINUMAN
476,1636,MILO (PAKET),400 g,MINUMAN,BAHAN-BAHAN MINUMAN
477,1637,MILO (PAKET),1kg,MINUMAN,BAHAN-BAHAN MINUMAN
478,1638,MILO 3 IN 1 (PAKET) - ORIGINAL,30x33g,MINUMAN,BAHAN-BAHAN MINUMAN
479,1645,SERBUK KOPI CAP KAPAL API (KASAR) (BERBUNGKUS),180 g,MINUMAN,BAHAN-BAHAN MINUMAN
480,1646,SERBUK KOPI HANG TUAH ROBUSTA,200 g,MINUMAN,BAHAN-BAHAN MINUMAN
481,1647,TEH LIPTON (SERBUK),400 g,MINUMAN,BAHAN-BAHAN MINUMAN
482,1650,TEH LIPTON (UNCANG),100 beg,MINUMAN,BAHAN-BAHAN MINUMAN
483,1651,YEO'S SOYA (KOTAK),250 ml,MINUMAN,TERSEDIA MINUM
484,1652,PAPERMATE LIQUID PAPER (PEN),7ml,BARANGAN KEDAI SERBANEKA,ALAT TULIS DAN BAHAN BACAAN
485,1653,UHU GLUE (GAM PELBAGAI KEGUNAAN),20ml,BARANGAN KEDAI SERBANEKA,ALAT TULIS DAN BAHAN BACAAN
486,1654,MAJALAH CLEO,senaskah,BARANGAN KEDAI SERBANEKA,MAJALAH
487,1657,MAJALAH MINGGUAN WANITA,senaskah,BARANGAN KEDAI SERBANEKA,MAJALAH
488,1658,COLGATE TOOTHBRUSH EXTRA CLEAN MEDIUM,1 batang,BARANGAN KEDAI SERBANEKA,BERUS GIGI
489,1659,DARLIE TRAVEL KIT ADULT,1 unit,BARANGAN KEDAI SERBANEKA,UBAT GIGI
490,1669,KOTEX SOFT AND SMOOTH OVERNIGHT WING 8 PADS (28CM),paket,BARANGAN KEDAI SERBANEKA,TUALA WANITA
491,1670,KOTEX SOFT & SMOOTH MAXI WING 10 PADS,paket,BARANGAN KEDAI SERBANEKA,TUALA WANITA
492,1671,REJOICE RICH SOFT SMOOTH SHAMPOO,70ml,BARANGAN KEDAI SERBANEKA,SYAMPU
493,1673,HEAD AND SHOULDERS COOL MENTHOL SHAMPOO,70ml,BARANGAN KEDAI SERBANEKA,SYAMPU
494,1677,KLEENEX FACIAL TISSUE VINTAGE SOFTPACK 50S X 3,paket,BARANGAN KEDAI SERBANEKA,TISU
495,1678,FUMAKILLA D1 (LINGKARAN NYAMUK) - 1 X 10'S,paket,BARANGAN KEDAI SERBANEKA,PENGHALAU NYAMUK
496,1680,PANADOL ACTIFAST 10S,paket,BARANGAN KEDAI SERBANEKA,UBAT-UBATAN
497,1682,STREPSILS ORIGINAL 6 LOZENGES,paket,BARANGAN KEDAI SERBANEKA,UBAT-UBATAN
498,1683,MISTER POTATO CRISPS (PELBAGAI PERISA) - BOTOL,160 g,BARANGAN KEDAI SERBANEKA,MAKANAN RINGAN
499,1684,PRINGLES POTATO CRISPS (PELBAGAI PERISA) - BOTOL,110 g,BARANGAN KEDAI SERBANEKA,MAKANAN RINGAN
500,1685,MISTER POTATO CHIPS (PELBAGAI PERISA) - PAKET,75 g,BARANGAN KEDAI SERBANEKA,MAKANAN RINGAN
501,1691,OREO BISKUT SANDWICH COKLAT JENAMA KRAFT (PELBAGAI PERISA),paket,BARANGAN KEDAI SERBANEKA,BISKUT
502,1692,CREAM O BISKUT SANDWICH JENAMA JACK N JILL (PELBAGAI PERISA),132g,BARANGAN KEDAI SERBANEKA,BISKUT
503,1693,CHIPSMORE ORIGINAL,163.2g,BARANGAN KEDAI SERBANEKA,BISKUT
504,1695,ENO SACHET GINGER,2x4.3g,BARANGAN KEDAI SERBANEKA,UBAT-UBATAN
505,1696,CHIPSMORE MINI HAZELNUTS,88g,BARANGAN KEDAI SERBANEKA,BISKUT
506,1697,TIGER BISKUAT SUSU,75 g,BARANGAN KEDAI SERBANEKA,BISKUT
507,1699,CADBURY DAIRY MILK HAZELNUT,40 g,BARANGAN KEDAI SERBANEKA,COKLAT
508,1700,KINDER JOY FOR BOYS/FOR GIRLS,20 g,BARANGAN KEDAI SERBANEKA,COKLAT
509,1701,TOBLERONE (MILK CHOCOLATE),50 g,BARANGAN KEDAI SERBANEKA,COKLAT
510,1704,NIPS CHOCOLATE COATED ROASTED PEANUT,85g,BARANGAN KEDAI SERBANEKA,COKLAT
511,1710,MAGGI HOT CUP (CURRY),64g,BARANGAN KEDAI SERBANEKA,MAKANAN SEGERA
512,1712,YAKULT (ACE/ACE LIGHT),80ml,BARANGAN KEDAI SERBANEKA,MINUMAN
513,1718,LIVITA WITH HONEY (TIN),250 ml,BARANGAN KEDAI SERBANEKA,MINUMAN
514,1719,SEVEN UP LEMON & LIME,500 ml,BARANGAN KEDAI SERBANEKA,MINUMAN
515,1725,THREE LEGS COOLING WATER,200 ml,BARANGAN KEDAI SERBANEKA,MINUMAN
516,1727,COOL RHINO COOLING WATER,350ml,BARANGAN KEDAI SERBANEKA,MINUMAN
517,1728,NASI GORENG BIASA,sepinggan,MAKANAN SIAP MASAK,NASI
518,1729,NASI GORENG SEAFOOD,sepinggan,MAKANAN SIAP MASAK,NASI
519,1730,MI GORENG BIASA,sepinggan,MAKANAN SIAP MASAK,MEE / BIHUN / KUEY TEOW
520,1731,MI GORENG MAMAK,sepinggan,MAKANAN SIAP MASAK,MEE / BIHUN / KUEY TEOW
521,1732,MI HAILAM,sepinggan,MAKANAN SIAP MASAK,MEE / BIHUN / KUEY TEOW
522,1733,MI SUP (AYAM/DAGING),semangkuk,MAKANAN SIAP MASAK,MEE / BIHUN / KUEY TEOW
523,1734,MI TOM YAM,semangkuk,MAKANAN SIAP MASAK,MEE / BIHUN / KUEY TEOW
524,1735,MI BANDUNG,sepinggan,MAKANAN SIAP MASAK,MEE / BIHUN / KUEY TEOW
525,1736,MI LADNA,sepinggan,MAKANAN SIAP MASAK,MEE / BIHUN / KUEY TEOW
526,1737,MI KUNGFU,sepinggan,MAKANAN SIAP MASAK,MEE / BIHUN / KUEY TEOW
527,1738,BIHUN SUP (AYAM/DAGING),semangkuk,MAKANAN SIAP MASAK,MEE / BIHUN / KUEY TEOW
528,1739,KUETIAU GORENG BIASA,sepinggan,MAKANAN SIAP MASAK,MEE / BIHUN / KUEY TEOW
529,1740,KUETIAU HAILAM,sepinggan,MAKANAN SIAP MASAK,MEE / BIHUN / KUEY TEOW
530,1741,KUETIAU SUP (AYAM/DAGING),semangkuk,MAKANAN SIAP MASAK,MEE / BIHUN / KUEY TEOW
531,1742,KUETIAU TOM YAM,semangkuk,MAKANAN SIAP MASAK,MEE / BIHUN / KUEY TEOW
532,1743,KUETIAU BANDUNG,semangkuk,MAKANAN SIAP MASAK,MEE / BIHUN / KUEY TEOW
533,1744,KUETIAU LADNA,sepinggan,MAKANAN SIAP MASAK,MEE / BIHUN / KUEY TEOW
534,1745,KUETIAU KUNGFU,sepinggan,MAKANAN SIAP MASAK,MEE / BIHUN / KUEY TEOW
535,1746,CHAR KUETIAU,sepinggan,MAKANAN SIAP MASAK,MEE / BIHUN / KUEY TEOW
536,1747,MI HOKKIEN,sepinggan,MAKANAN SIAP MASAK,MEE / BIHUN / KUEY TEOW
537,1748,KON LOH MI (KICAP),sepinggan,MAKANAN SIAP MASAK,MEE / BIHUN / KUEY TEOW
538,1749,WAN TAN MI,semangkuk,MAKANAN SIAP MASAK,MEE / BIHUN / KUEY TEOW
539,1750,MI UDANG,semangkuk,MAKANAN SIAP MASAK,MEE / BIHUN / KUEY TEOW
540,1751,MI KARI,semangkuk,MAKANAN SIAP MASAK,MEE / BIHUN / KUEY TEOW
541,1752,DAGING KAMBING MASAK KARI,sepiring,MAKANAN SIAP MASAK,LAUK
542,1753,PAK CHOY SOS TIRAM,sepiring,MAKANAN SIAP MASAK,LAUK
543,1754,SAYUR TAUGEH,sepiring,MAKANAN SIAP MASAK,LAUK
544,1755,BABI (PORK) GORENG,sepiring,MAKANAN SIAP MASAK,LAUK
545,1756,BABI (PORK) MASAM MANIS,sepiring,MAKANAN SIAP MASAK,LAUK
546,1757,IKAN SIAKAP GORENG (SAIZ SEDERHANA),1 ekor,MAKANAN SIAP MASAK,LAUK
547,1758,IKAN SIAKAP MASAM MANIS (SAIZ SEDERHANA),1 ekor,MAKANAN SIAP MASAK,LAUK
548,1759,IKAN SIAKAP TIGA RASA (SAIZ SEDERHANA),1 ekor,MAKANAN SIAP MASAK,LAUK
549,1760,IKAN SIAKAP KUKUS/STIM (SAIZ SEDERHANA),1 ekor,MAKANAN SIAP MASAK,LAUK
550,1761,IKAN KERAPU GORENG (SAIZ SEDERHANA),1 ekor,MAKANAN SIAP MASAK,LAUK
551,1762,IKAN KERAPU MASAM MANIS (SAIZ SEDERHANA),1 ekor,MAKANAN SIAP MASAK,LAUK
552,1763,IKAN KERAPU TIGA RASA (SAIZ SEDERHANA),1 ekor,MAKANAN SIAP MASAK,LAUK
553,1764,IKAN KERAPU KUKUS/STIM (SAIZ SEDERHANA),1 ekor,MAKANAN SIAP MASAK,LAUK
554,1765,IKAN BAWAL HITAM GORENG (SAIZ SEDERHANA),1 ekor,MAKANAN SIAP MASAK,LAUK
555,1766,IKAN BAWAL HITAM MASAM MANIS (SAIZ SEDERHANA),1 ekor,MAKANAN SIAP MASAK,LAUK
556,1767,IKAN BAWAL HITAM TIGA RASA (SAIZ SEDERHANA),1 ekor,MAKANAN SIAP MASAK,LAUK
557,1768,IKAN BAWAL HITAM KUKUS/STIM (SAIZ SEDERHANA),1 ekor,MAKANAN SIAP MASAK,LAUK
558,1769,IKAN BAWAL PUTIH GORENG (SAIZ SEDERHANA),1 ekor,MAKANAN SIAP MASAK,LAUK
559,1770,IKAN BAWAL PUTIH MASAM MANIS (SAIZ SEDERHANA),1 ekor,MAKANAN SIAP MASAK,LAUK
560,1771,IKAN BAWAL PUTIH KUKUS/STIM (SAIZ SEDERHANA),1 ekor,MAKANAN SIAP MASAK,LAUK
561,1772,IKAN KEMBUNG GORENG (SAIZ SEDERHANA),1 ekor,MAKANAN SIAP MASAK,LAUK
562,1773,IKAN KEMBUNG MASAK KICAP (SAIZ SEDERHANA),1 ekor,MAKANAN SIAP MASAK,LAUK
563,1774,IKAN KEMBUNG TIGA RASA (SAIZ SEDERHANA),1 ekor,MAKANAN SIAP MASAK,LAUK
564,1775,IKAN TENGGIRI GORENG,sekeping,MAKANAN SIAP MASAK,LAUK
565,1776,IKAN TENGGIRI MASAK KARI,sekeping,MAKANAN SIAP MASAK,LAUK
566,1777,IKAN TILAPIA GORENG BIASA (SAIZ SEDERHANA),1 ekor,MAKANAN SIAP MASAK,LAUK
567,1778,IKAN TILAPIA MASAM MANIS (SAIZ SEDERHANA),1 ekor,MAKANAN SIAP MASAK,LAUK
568,1779,IKAN TILAPIA KUKUS/STIM (SAIZ SEDERHANA),1 ekor,MAKANAN SIAP MASAK,LAUK
569,1780,SUP PERUT,semangkuk,MAKANAN SIAP MASAK,LAUK
570,1782,ROTI NAAN,sekeping,MAKANAN SIAP MASAK,LAIN-LAIN
571,1783,ROTI CANAI BIASA,sekeping,MAKANAN SIAP MASAK,LAIN-LAIN
572,1784,KUIH KARIPAP (KENTANG),sebiji,MAKANAN SIAP MASAK,LAIN-LAIN
573,1785,VADAI MASALA,sebiji,MAKANAN SIAP MASAK,LAIN-LAIN
574,1786,VADAI ULUNDHU,sebiji,MAKANAN SIAP MASAK,LAIN-LAIN
575,1787,ROJAK BIASA,sepinggan,MAKANAN SIAP MASAK,LAIN-LAIN
576,1788,ROJAK MI,sepinggan,MAKANAN SIAP MASAK,LAIN-LAIN
577,1789,TEH TARIK PANAS,gelas kecil,MAKANAN SIAP MASAK,MINUMAN
578,1790,"KOPI ""O"" AIS",gelas besar,MAKANAN SIAP MASAK,MINUMAN
579,1791,KOPI AIS,gelas besar,MAKANAN SIAP MASAK,MINUMAN
580,1792,TEH AIS,gelas besar,MAKANAN SIAP MASAK,MINUMAN
581,1793,NESCAFE AIS,gelas besar,MAKANAN SIAP MASAK,MINUMAN
582,1794,LIMAU AIS,gelas besar,MAKANAN SIAP MASAK,MINUMAN
583,1795,JUS OREN,segelas,MAKANAN SIAP MASAK,MINUMAN
584,1796,CARROT SUSU,segelas,MAKANAN SIAP MASAK,MINUMAN
585,1804,KEPAK AYAM (CHICKEN WING) (1KG),1kg,BARANGAN SEGAR,AYAM
586,1808,MENTOS (PELBAGAI PERISA),37g,BARANGAN KEDAI SERBANEKA,COKLAT
587,1814,LIMAU PANAS,gelas kecil,MAKANAN SIAP MASAK,MINUMAN
588,1818,KACANG BOTOL,1kg,BARANGAN SEGAR,SAYUR-SAYURAN
589,1819,LENGKUAS,1kg,BARANGAN SEGAR,SAYUR-SAYURAN
590,1820,TELUR MASIN,1 biji,BARANGAN SEGAR,TELUR
591,1821,TELUR MASIN,4 Biji,BARANGAN SEGAR,TELUR
592,1822,BERAS SUPER SPECIAL TEMPATAN SABAH RICE VAGAS TOKOU,10 kg,BARANGAN BERBUNGKUS,BERAS
593,1823,BERAS TQR SABAH CAP TKC 5%,10 kg,BARANGAN BERBUNGKUS,BERAS
594,1824,BERAS SUPER HUMA CAP KELISA EMAS (SABAH),10 kg,BARANGAN BERBUNGKUS,BERAS
595,1825,BERAS SUPER CAP ANGGUR SAZARICE 5% (IMPORT THAILAND),10 kg,BARANGAN BERBUNGKUS,BERAS
596,1826,BERAS SUPER CAP RODA SAZARICE 5% (IMPORT THAILAND),10 kg,BARANGAN BERBUNGKUS,BERAS
597,1827,"TEPUNG GANDUM NGP (BERBUNGKUS, CAP MUHIBAH)",1kg,BARANGAN BERBUNGKUS,TEPUNG
598,1828,KICAP SOYA PEKAT MANIS CAP AYAM,330 ml,BARANGAN BERBUNGKUS,KICAP DAN SOS
599,1829,BUTTERLITE (LEPA SUSU ISTIMEWA),250 g,BARANGAN BERBUNGKUS,SAPUAN (SPREADS)
600,1832,BERAS CAP GOLDEN SARAWAK (SST5%),10 kg,BARANGAN BERBUNGKUS,BERAS
601,1833,BERAS PREMIUM CAP UNCLE TAN,10 kg,BARANGAN BERBUNGKUS,BERAS
602,1837,KICAP TONG NAM (DARK SOY SAUCE),330 ml,BARANGAN BERBUNGKUS,KICAP DAN SOS
603,1838,SERBUK KARI IKAN ALAGAPPAS,200 g,BARANGAN BERBUNGKUS,REMPAH RATUS (BERBUNGKUS)
604,1839,SERBUK KARI DAGING ALAGAPPAS,200 g,BARANGAN BERBUNGKUS,REMPAH RATUS (BERBUNGKUS)
605,1849,TEPUNG NAIK SENDIRI CAP 'BLUE KEY',1kg,BARANGAN BERBUNGKUS,TEPUNG
606,1851,TENOM COFFEE WANG EMAS (SERBUK),180 g,MINUMAN,BAHAN-BAHAN MINUMAN
607,1852,DESA FRESH MILK (KOTAK),1 liter,MINUMAN,TERSEDIA MINUM
608,1854,KORDIAL F&N SUN VALLEY (GRENADINE),2 liter,MINUMAN,BAHAN-BAHAN MINUMAN
609,1856,SERBUK KOPIMAS COFFEE (BOLD TRADITIONS),200 g,MINUMAN,BAHAN-BAHAN MINUMAN
610,1857,NASI KERABU (BIASA),sepinggan,MAKANAN SIAP MASAK,NASI
611,1858,NASI DAGANG (BIASA),sepinggan,MAKANAN SIAP MASAK,NASI
612,1859,"TEH ""O"" AIS",gelas besar,MAKANAN SIAP MASAK,MINUMAN
613,1860,"TEH ""O"" LIMAU AIS",gelas besar,MAKANAN SIAP MASAK,MINUMAN
614,1861,TEH HALIA AIS,gelas besar,MAKANAN SIAP MASAK,MINUMAN
615,1862,"NESCAFE ""O"" AIS",gelas besar,MAKANAN SIAP MASAK,MINUMAN
616,1863,NESLO AIS,gelas besar,MAKANAN SIAP MASAK,MINUMAN
617,1864,HORLICKS AIS,gelas besar,MAKANAN SIAP MASAK,MINUMAN
618,1865,MILO AIS,gelas besar,MAKANAN SIAP MASAK,MINUMAN
619,1866,"MILO ""O"" AIS",gelas besar,MAKANAN SIAP MASAK,MINUMAN
620,1867,SIRAP AIS,gelas besar,MAKANAN SIAP MASAK,MINUMAN
621,1868,SIRAP LIMAU AIS,gelas besar,MAKANAN SIAP MASAK,MINUMAN
622,1869,SIRAP BANDUNG AIS,gelas besar,MAKANAN SIAP MASAK,MINUMAN
623,1870,"TEPUNG GANDUM NGP (BERBUNGKUS, CAP  FAIZA)",1kg,BARANGAN BERBUNGKUS,TEPUNG
624,1871,KRIMER SEJAT CAIR SAJI,390g,BARANGAN BERBUNGKUS,KRIMER DAN SUSU TEPUNG
625,1872,MAYONIS SEBENAR LADY'S CHOICE,220ml,BARANGAN BERBUNGKUS,SAPUAN (SPREADS)
626,1873,KRIMER MANIS CAP TEAPOT,500 g,BARANGAN BERBUNGKUS,KRIMER DAN SUSU TEPUNG
627,1874,DUTCH LADY 123 (BIASA),900 g,SUSU DAN BARANGAN BAYI,SUSU BAYI
628,1876,PELEMBUT PAKAIAN - DOWNY (PREMIUM PARFUM PASSION),800ml,PRODUK KEBERSIHAN,PENJAGAAN RUMAH
629,1877,NESCAFE BLEND & BREW 3 IN 1 (PAKET ) - ORIGINAL,28x19g,MINUMAN,BAHAN-BAHAN MINUMAN
630,1879,SEVEN UP LEMON & LIME (TIN),320ml,MINUMAN,TERSEDIA MINUM
631,1880,YOGURT LACTEL (FAT FREE) (STRAWBERRY),125 g,MINUMAN,TERSEDIA MINUM
632,1881,SERBUK CABAI ALAGAPPAS,230g,BARANGAN BERBUNGKUS,REMPAH RATUS (BERBUNGKUS)
633,1882,TUNA CAP AYAM (TUNA MAYONNAISE),160 g,BARANGAN BERBUNGKUS,IKAN DALAM TIN
634,1884,SABUN SERBUK FAB (PERFECT),720g,PRODUK KEBERSIHAN,PENJAGAAN RUMAH
635,1886,PEMBARIS PLASTIK FABER CASTELL - 15CM,1 unit,BARANGAN KEDAI SERBANEKA,ALAT TULIS DAN BAHAN BACAAN
636,1887,DETTOL SHOWER FOAM ORIGINAL,250 ml,BARANGAN KEDAI SERBANEKA,SABUN BADAN
637,1889,AMBI PUR GEL FRESH AIR FRESHENER (PELBAGAI JENIS),180ml,BARANGAN KEDAI SERBANEKA,PEWANGI RUMAH
638,1890,BYE BYE FEVER SUPER COOL (DEWASA),6sheets,BARANGAN KEDAI SERBANEKA,UBAT-UBATAN
639,1891,SUPER RING SNACKS CHEESE,60 g,BARANGAN KEDAI SERBANEKA,MAKANAN RINGAN
640,1893,MUNCHY'S MUZIC WAFER VANILLA CUBE,90g,BARANGAN KEDAI SERBANEKA,BISKUT
641,1894,CALPIS (PELBAGAI PERISA),350ml,BARANGAN KEDAI SERBANEKA,MINUMAN
642,1896,COCA COLA LIGHT,320ml,BARANGAN KEDAI SERBANEKA,MINUMAN
643,1899,CILI KERING KERINTING (BERTANGKAI/TIDAK BERTANGKAI),1kg,BARANGAN KERING,CILI KERING
644,1900,CILI KERING LEPER (BERTANGKAI/TIDAK BERTANGKAI),1kg,BARANGAN KERING,CILI KERING
645,1902,BERAS SUPER WR (5%),10 kg,BARANGAN BERBUNGKUS,BERAS
646,1904,DUMEX DUGRO 3 (1-3 TAHUN) PERISA ASLI (850G),850g,SUSU DAN BARANGAN BAYI,SUSU BAYI
647,1905,MAGGI 2 MINUTE NOODLE CURRY FLAVOUR (5X79G),5 X 79g,BARANGAN BERBUNGKUS,MI SEGERA
648,1907,DAGING KAMBING BEBIRI IMPORT BERTULANG (LAMB) (AUSTRALIA - KOTAK) (1KG),1kg,BARANGAN SEGAR,DAGING
649,1908,DAGING KAMBING BEBIRI IMPORT BERTULANG (LAMB) (NEW ZEALAND - KOTAK),1kg,BARANGAN SEGAR,DAGING
650,1909,DAGING KAMBING BEBIRI IMPORT TANPA TULANG (LAMB) (TIDAK TERMASUK PAHA - AUSTRALIA),1kg,BARANGAN SEGAR,DAGING
651,1910,DAGING KAMBING BEBIRI IMPORT TANPA TULANG (LAMB) (TIDAK TERMASUK PAHA - NEW ZEALAND),1kg,BARANGAN SEGAR,DAGING
652,1911,DAGING PAHA KAMBING BEBIRI IMPORT BERTULANG (LAMB) (AUSTRALIA),1kg,BARANGAN SEGAR,DAGING
653,1912,DAGING PAHA KAMBING BEBIRI IMPORT BERTULANG (LAMB) (NEW ZEALAND),1kg,BARANGAN SEGAR,DAGING
654,1913,DAGING LEMBU IMPORT (BLOCK),1kg,BARANGAN SEGAR,DAGING
655,1914,DAGING KERBAU IMPORT (INDIA) (BLOCK),1kg,BARANGAN SEGAR,DAGING
656,1915,IKAN JENAHAK (KEPINGAN),1kg,BARANGAN SEGAR,BAHAN LAUT
657,1916,IKAN DEMUDUK/CUPAK/CERMIN (b	$ 3 EKOR SEKILOGRAM),1kg,BARANGAN SEGAR,BAHAN LAUT
658,1917,IKAN PARANG (KEPINGAN),1kg,BARANGAN SEGAR,BAHAN LAUT
659,1918,IKAN TERUBOK (b	$ 4 EKOR SEKILOGRAM),1kg,BARANGAN SEGAR,BAHAN LAUT
660,1919,UDANG PUTIH BESAR (ANTARA 20 HINGGA 30 EKOR SEKILOGRAM),1kg,BARANGAN SEGAR,BAHAN LAUT
661,1920,KERANG (SAIZ SEDERHANA),1kg,BARANGAN SEGAR,BAHAN LAUT
662,1921,IKAN TILAPIA MERAH (ANTARA 2 HINGGA 5 EKOR SEKILOGRAM),1kg,BARANGAN SEGAR,IKAN DARAT
663,1922,SADERI,1kg,BARANGAN SEGAR,SAYUR-SAYURAN
664,1923,TERUNG BULAT,1kg,BARANGAN SEGAR,SAYUR-SAYURAN
665,1924,SERBUK KUNYIT ALAGAPPAS,230g,BARANGAN BERBUNGKUS,REMPAH RATUS (BERBUNGKUS)
666,1925,CILI API/PADI MERAH,1kg,BARANGAN SEGAR,SAYUR-SAYURAN
667,1926,CILI AKAR HIJAU,1kg,BARANGAN SEGAR,SAYUR-SAYURAN
668,1927,CILI AKAR MERAH,1kg,BARANGAN SEGAR,SAYUR-SAYURAN
669,1928,LIMAU KASTURI,1kg,BARANGAN SEGAR,SAYUR-SAYURAN
670,1929,SANTAN KELAPA SEGAR (PEKAT),1kg,BARANGAN SEGAR,KELAPA
671,1930,TELUR AYAM KAMPUNG,10 biji,BARANGAN SEGAR,TELUR
672,1931,BAWANG BESAR IMPORT (PAKISTAN),1kg,BARANGAN KERING,BAWANG
673,1933,BAWANG KECIL MERAH IMPORT (HOLLAND),1kg,BARANGAN KERING,BAWANG
674,1934,MINYAK MASAK SEBATIAN CAP ADELA GOLD,1kg,BARANGAN BERBUNGKUS,MINYAK DAN LEMAK
675,1935,MINYAK MASAK SEBATIAN CAP ADELA GOLD,2 kg,BARANGAN BERBUNGKUS,MINYAK DAN LEMAK
676,1936,MINYAK MASAK SEBATIAN CAP ADELA GOLD,5 kg,BARANGAN BERBUNGKUS,MINYAK DAN LEMAK
677,1937,MINYAK MASAK TULEN CAP SAJI,1kg,BARANGAN BERBUNGKUS,MINYAK DAN LEMAK
678,1938,MINYAK MASAK TULEN CAP SAJI,2 kg,BARANGAN BERBUNGKUS,MINYAK DAN LEMAK
679,1939,MINYAK MASAK TULEN CAP SAJI,5 kg,BARANGAN BERBUNGKUS,MINYAK DAN LEMAK
680,1940,MINYAK MASAK TULEN CAP ALIF,1kg,BARANGAN BERBUNGKUS,MINYAK DAN LEMAK
681,1941,MINYAK MASAK TULEN CAP ALIF,2 kg,BARANGAN BERBUNGKUS,MINYAK DAN LEMAK
682,1942,MINYAK MASAK TULEN CAP ALIF,5 kg,BARANGAN BERBUNGKUS,MINYAK DAN LEMAK
683,1943,KACANG MERAH (IMPORT),1kg,BARANGAN KERING,KACANG
684,1944,KACANG SOYA (IMPORT),1kg,BARANGAN KERING,KACANG
685,1945,TAUHU (JENIS KERAS),sekeping,BARANGAN SEGAR,TAUHU DAN TEMPE
686,1946,TEMPE (BUNGKUSAN PLASTIK),sekeping,BARANGAN SEGAR,TAUHU DAN TEMPE
687,1947,SERBUK PENAIK ROYAL (TIN),113g,BARANGAN BERBUNGKUS,ESEN DAN RAGI
688,1948,RAGI BULAT/RAGI TAPAI,1 biji,BARANGAN BERBUNGKUS,ESEN DAN RAGI
689,1949,ROTI WHOLEMEAL (PELBAGAI JENAMA),400 g,BARANGAN BERBUNGKUS,ROTI
690,1950,BUNGA RAYA YIS SEGERA,11g,BARANGAN BERBUNGKUS,ESEN DAN RAGI
691,1951,BERAS SUPER CAP 3A BOY (IMPORT),10 kg,BARANGAN BERBUNGKUS,BERAS
692,1952,KRIMER SEJAT CAP F&N,390g,BARANGAN BERBUNGKUS,KRIMER DAN SUSU TEPUNG
693,1953,KRIMER MANIS PEKAT CAP SAJI,500 g,BARANGAN BERBUNGKUS,KRIMER DAN SUSU TEPUNG
694,1954,SUSU TEPUNG SEGERA EVERYDAY,900 g,BARANGAN BERBUNGKUS,KRIMER DAN SUSU TEPUNG
695,1955,YOGURT MARIGOLD (LOW FAT) (STRAWBERRY),130g,MINUMAN,TERSEDIA MINUM
696,1956,NAN PRO LANGKAH 1 RUMUSAN BAYI (KOTAK),600 g,SUSU DAN BARANGAN BAYI,SUSU BAYI
697,1957,NAN PRO LANGKAH 2 RUMUSAN SUSULAN (KOTAK),600 g,SUSU DAN BARANGAN BAYI,SUSU BAYI
698,1958,NANKID OPTIPRO LANGKAH 3 RUMUSAN UNTUK KANAK-KANAK,600 g,SUSU DAN BARANGAN BAYI,SUSU BAYI
699,1959,SUSU SEGAR FARM FRESH,1 liter,MINUMAN,TERSEDIA MINUM
700,1960,SUSU SEGAR KURMA FARM FRESH,700 g,MINUMAN,TERSEDIA MINUM
701,1961,ANMUM ESSENTIAL LANGKAH 4 PERISA ASLI (TANPA GULA TAMBAHAN) - TIN,1.5kg,SUSU DAN BARANGAN BAYI,SUSU BAYI
702,1962,NESTUM (ORIGINAL),500 g,MINUMAN,BAHAN-BAHAN MINUMAN
703,1963,REFILL ANMUM ESSENTIAL LANGKAH 4 PERISA ASLI (TANPA GULA TAMBAHAN) - KOTAK,550 g,SUSU DAN BARANGAN BAYI,SUSU BAYI
704,1964,QUAKER OATS INSTANT OATMEALS,1kg,MINUMAN,BAHAN-BAHAN MINUMAN
705,1965,PEDIASURE (VANILA),600 g,SUSU DAN BARANGAN BAYI,SUSU BAYI
706,1966,MILNA BISKUT RUSK (ASLI),130g,SUSU DAN BARANGAN BAYI,MAKANAN BAYI
707,1967,PETPET GOLD+,M70,SUSU DAN BARANGAN BAYI,LAMPIN PAKAI BUANG
708,1968,DRYPERS WEE WEE DRY (M74),M74,SUSU DAN BARANGAN BAYI,LAMPIN PAKAI BUANG
709,1969,HUGGIES DRY DIAPERS (M72),M72,SUSU DAN BARANGAN BAYI,LAMPIN PAKAI BUANG
710,1970,DIAPEX EASY,M70,SUSU DAN BARANGAN BAYI,LAMPIN PAKAI BUANG
711,1971,FITTI,M60,SUSU DAN BARANGAN BAYI,LAMPIN PAKAI BUANG
712,1972,MAMYPOKO EXTRA DRY,M54,SUSU DAN BARANGAN BAYI,LAMPIN PAKAI BUANG
713,1973,PETPET DAY NIGHT PANTS,M54,SUSU DAN BARANGAN BAYI,LAMPIN PAKAI BUANG
714,1974,DRYPERS DRYPANTZ,M60,SUSU DAN BARANGAN BAYI,LAMPIN PAKAI BUANG
715,1975,HUGGIES DRY PANTS,M60,SUSU DAN BARANGAN BAYI,LAMPIN PAKAI BUANG
716,1976,MAGGI MI SEGERA PERISA KARI,5 X 79g,BARANGAN BERBUNGKUS,MI SEGERA
717,1977,CINTAN MI SEGERA PERISA AYAM,5 X 75g,BARANGAN BERBUNGKUS,MI SEGERA
718,1978,MI SEDAP MI GORENG PERISA ASLI,5 X 90g,BARANGAN BERBUNGKUS,MI SEGERA
719,1979,SABUN MANDIAN LIFEBUOY (COOL FRESH),300ml,PRODUK KEBERSIHAN,PENJAGAAN DIRI
720,1980,SABUN MANDIAN DETTOL ANTIBACTERIAL (FRESH),500 ml,PRODUK KEBERSIHAN,PENJAGAAN DIRI
721,1981,SABUN MANDIAN LUX (MAGICAL SPELL),220 ml,PRODUK KEBERSIHAN,PENJAGAAN DIRI
722,1982,SYAMPU REJOICE (RICH SOFT SMOOTH),340ml,PRODUK KEBERSIHAN,PENJAGAAN DIRI
723,1983,SYAMPU PANTENE PRO-V (HAIR FALL CONTROL),340ml,PRODUK KEBERSIHAN,PENJAGAAN DIRI
724,1984,SYAMPU HEAD & SHOULDERS (SMOOTH & SILKY),330 ml,PRODUK KEBERSIHAN,PENJAGAAN DIRI
725,1985,TUALA WANITA KOTEX SOFT & SMOOTH (MAXI - NON WING),10 PAD,PRODUK KEBERSIHAN,PENJAGAAN DIRI
726,1986,TUALA WANITA LIBRESSE (MAXI - NON WING),10 PAD,PRODUK KEBERSIHAN,PENJAGAAN DIRI
727,1987,DEODORAN NIVEA MAN (BLACK & WHITE INVISIBLE - ORIGINAL),150 ml,PRODUK KEBERSIHAN,PENJAGAAN DIRI
728,1988,DEODORAN NIVEA (EXTRA BRIGHTENING),150 ml,PRODUK KEBERSIHAN,PENJAGAAN DIRI
729,1989,DEODORAN REXONA MEN (SPORT DEFENSE),50 ml,PRODUK KEBERSIHAN,PENJAGAAN DIRI
730,1990,DEODORAN REXONA (POWDER DRY BRIGHTENING),50 ml,PRODUK KEBERSIHAN,PENJAGAAN DIRI
731,1991,SABUN SERBUK BREEZE (POWER CLEAN),750 g,PRODUK KEBERSIHAN,PENJAGAAN RUMAH
732,1992,SABUN SERBUK ATTACK (AROMA FRESH + COLOUR),800 g,PRODUK KEBERSIHAN,PENJAGAAN RUMAH
733,1993,SABUN SERBUK TOP (SUPER COLOUR),750 g,PRODUK KEBERSIHAN,PENJAGAAN RUMAH
734,1994,DYNAMO POWER GEL (PERFECT CLEAN),3 kg,PRODUK KEBERSIHAN,PENJAGAAN RUMAH
735,1995,DAIA EXCELLENT WASHING POWER (EUA DE PARFUM),750 g,PRODUK KEBERSIHAN,PENJAGAAN RUMAH
736,1996,PELEMBUT PAKAIAN - SOFTLAN (FLORAL FANTASY),1 liter,PRODUK KEBERSIHAN,PENJAGAAN RUMAH
737,1998,PENCUCI PELBAGAI GUNA DETTOL (LAVENDER),2.5 liter,PRODUK KEBERSIHAN,PENJAGAAN RUMAH
738,1999,PENCUCI PELBAGAI GUNA MR MUSCLE (LAVENDER),2 liter,PRODUK KEBERSIHAN,PENJAGAAN RUMAH
739,2000,PENCUCI PELBAGAI GUNA AJAX FABULOSO (LAVENDER),2 liter,PRODUK KEBERSIHAN,PENJAGAAN RUMAH
740,2001,DUMEX DUPRO 2 (RUMUSAN SUSULAN),850g,SUSU DAN BARANGAN BAYI,SUSU BAYI
741,2002,PELUNTUR CLOROX (ORIGINAL),1 liter,PRODUK KEBERSIHAN,PENJAGAAN RUMAH
742,2003,BIHUN KERING IMPORT (PELBAGAI JENAMA),400 g,BARANGAN BERBUNGKUS,BIHUN
743,2004,BERAS SUPER SPECIAL CAP FAMILI 5%,10 kg,BARANGAN BERBUNGKUS,BERAS
744,2008,SUSU TEPUNG PENUH KRIM SEGERA NESPRAY,480 g,BARANGAN BERBUNGKUS,KRIMER DAN SUSU TEPUNG
745,2009,DUTCH LADY 123 (BIASA),850g,SUSU DAN BARANGAN BAYI,SUSU BAYI
746,2010,DUTCH LADY 456 (BIASA),850g,SUSU DAN BARANGAN BAYI,SUSU BAYI
747,2011,KIUB SUP TOM YAM (MAGGI),6 X 10g,BARANGAN BERBUNGKUS,REMPAH RATUS (BERBUNGKUS)
748,2012,KICAP TAMIN (DARK SOY SAUCE),350ml,BARANGAN BERBUNGKUS,KICAP DAN SOS
749,2013,KRAFT DAIRYLEA SINGLES CHEESE 12 SLICES,250 g,BARANGAN BERBUNGKUS,SAPUAN (SPREADS)
750,2014,ENFAGROW A+ MIND PRO LANGKAH 3 VANILA (KOTAK),500 g,SUSU DAN BARANGAN BAYI,SUSU BAYI
751,2015,PETPET PANTS GOLD+,M60,SUSU DAN BARANGAN BAYI,LAMPIN PAKAI BUANG
752,2016,SABUN SERBUK FAB (PERFECT),680g,PRODUK KEBERSIHAN,PENJAGAAN RUMAH
753,2017,DYNAMO POWER GEL (PERFECT CLEAN),2.6kg,PRODUK KEBERSIHAN,PENJAGAAN RUMAH
754,2018,SABUN PENCUCI SUNLIGHT (LEMON),900ml,PRODUK KEBERSIHAN,PENJAGAAN RUMAH
755,2019,NESCAFE 3 IN 1 ORIGINAL (AROMATIC & BALANCED),25 x 18g,MINUMAN,BAHAN-BAHAN MINUMAN
756,2020,YOGURT LACTEL (FAT FREE) (STRAWBERRY),130g,MINUMAN,TERSEDIA MINUM
