item_group,item_category,item,item_code,unit,item_group,item_category,item,item_code,unit
BARANGAN BERBUNGKUS,BERAS,BERAS BASMATHI - FAIZA (KASHMIR),1474,5 kg,1,1,1,1,1
BARANGAN BERBUNGKUS,BERAS,BERAS CAP FAIZA EMAS (SST5%),1445,10 kg,1,1,1,1,1
BARANGAN BERBUNGKUS,BERAS,BERAS CAP GOLDEN SARAWAK (SST5%),1832,10 kg,1,1,1,1,1
BARANGAN BERBUNGKUS,BERAS,BERAS CAP JASMINE (SST5%),1582,10 kg,1,1,1,1,1
BARANGAN BERBUNGKUS,BERAS,BERAS CAP JATI (SST5%),992,10 kg,1,1,1,1,1
BARANGAN BERBUNGKUS,BERAS,BERAS CAP RAMBUTAN (SST5%),1581,10 kg,1,1,1,1,1
BARANGAN BERBUNGKUS,BERAS,BERAS PREMIUM CAP UNCLE TAN,1833,10 kg,1,1,1,1,1
BARANGAN BERBUNGKUS,BERAS,BERAS PULUT THAILAND (BIASA) PELBAGAI JENAMA,1492,1kg,1,1,1,1,1
BARANGAN BERBUNGKUS,BERAS,BERAS PULUT THAILAND (SUSU) PELBAGAI JENAMA,1491,1kg,1,1,1,1,1
BARANGAN BERBUNGKUS,BERAS,BERAS SUPER CAP 3A BOY (IMPORT),1951,10 kg,1,1,1,1,1
BARANGAN BERBUNGKUS,BERAS,BERAS SUPER CAP ANGGUR SAZARICE 5% (IMPORT THAILAND),1825,10 kg,1,1,1,1,1
BARANGAN BERBUNGKUS,BERAS,BERAS SUPER CAP JATI TWR  5% (IMPORT),1583,10 kg,1,1,1,1,1
BARANGAN BERBUNGKUS,BERAS,BERAS SUPER CAP RAMBUTAN 5% (IMPORT),904,10 kg,1,1,1,1,1
BARANGAN BERBUNGKUS,BERAS,BERAS SUPER CAP RODA SAZARICE 5% (IMPORT THAILAND),1826,10 kg,1,1,1,1,1
BARANGAN BERBUNGKUS,BERAS,BERAS SUPER HUMA CAP KELISA EMAS (SABAH),1824,10 kg,1,1,1,1,1
BARANGAN BERBUNGKUS,BERAS,BERAS SUPER SPECIAL CAP FAMILI 5%,2004,10 kg,1,1,1,1,1
BARANGAN BERBUNGKUS,BERAS,BERAS SUPER SPECIAL TEMPATAN SABAH RICE VAGAS TOKOU,1822,10 kg,1,1,1,1,1
BARANGAN BERBUNGKUS,BERAS,BERAS SUPER WR (5%),1902,10 kg,1,1,1,1,1
BARANGAN BERBUNGKUS,BERAS,BERAS TQR SABAH CAP TKC 5%,1823,10 kg,1,1,1,1,1
BARANGAN BERBUNGKUS,BIHUN,BIHUN KERING IMPORT (CAP BINTANG),1585,400 g,1,1,1,1,1
BARANGAN BERBUNGKUS,BIHUN,BIHUN KERING IMPORT (PELBAGAI JENAMA),2003,400 g,1,1,1,1,1
BARANGAN BERBUNGKUS,BIHUN,BIHUN KERING TEMPATAN (CAP JASMINE),1493,400 g,1,1,1,1,1
BARANGAN BERBUNGKUS,ESEN DAN RAGI,BUNGA RAYA YIS SEGERA,1950,11g,1,1,1,1,1
BARANGAN BERBUNGKUS,ESEN DAN RAGI,ESEN STAR BRAND 'PELBAGAI PERISA',1613,25 ml,1,1,1,1,1
BARANGAN BERBUNGKUS,ESEN DAN RAGI,MAURIPAN YIS SEGERA,1616,11g,1,1,1,1,1
BARANGAN BERBUNGKUS,ESEN DAN RAGI,RAGI BULAT/RAGI TAPAI,1948,1 biji,1,1,1,1,1
BARANGAN BERBUNGKUS,ESEN DAN RAGI,SERBUK PENAIK ROYAL (TIN),1080,226g,1,1,1,1,1
BARANGAN BERBUNGKUS,ESEN DAN RAGI,SERBUK PENAIK ROYAL (TIN),1947,113g,1,1,1,1,1
BARANGAN BERBUNGKUS,GULA,GULA HALUS CASTOR (PELBAGAI JENAMA),1587,+- 500g,1,1,1,1,1
BARANGAN BERBUNGKUS,GULA,GULA MERAH LEMBUT (PELBAGAI JENAMA),1588,+- 500g,1,1,1,1,1
BARANGAN BERBUNGKUS,GULA,GULA PUTIH BERTAPIS HALUS (PELBAGAI JENAMA),1590,1kg,1,1,1,1,1
BARANGAN BERBUNGKUS,GULA,GULA PUTIH BERTAPIS KASAR (PELBAGAI JENAMA),1589,1kg,1,1,1,1,1
BARANGAN BERBUNGKUS,IKAN DALAM TIN,MACKAREL CAP AYAM (SOS TOMATO),195,425 g,1,1,1,1,1
BARANGAN BERBUNGKUS,IKAN DALAM TIN,MACKAREL CAP AYAM (SOS TOMATO),1082,155 g,1,1,1,1,1
BARANGAN BERBUNGKUS,IKAN DALAM TIN,MACKAREL CAP KING CUP (SOS TOMATO),197,425 g,1,1,1,1,1
BARANGAN BERBUNGKUS,IKAN DALAM TIN,MACKAREL CAP KING CUP (SOS TOMATO),1081,155 g,1,1,1,1,1
BARANGAN BERBUNGKUS,IKAN DALAM TIN,SARDIN CAP ADABI (SOS TOMATO DENGAN CILI),1142,425 g,1,1,1,1,1
BARANGAN BERBUNGKUS,IKAN DALAM TIN,SARDIN CAP AYAM (SOS TOMATO),190,155 g,1,1,1,1,1
BARANGAN BERBUNGKUS,IKAN DALAM TIN,SARDIN CAP AYAM (SOS TOMATO),191,425 g,1,1,1,1,1
BARANGAN BERBUNGKUS,IKAN DALAM TIN,SARDIN CAP KING CUP (SOS TOMATO),192,155 g,1,1,1,1,1
BARANGAN BERBUNGKUS,IKAN DALAM TIN,SARDIN CAP KING CUP (SOS TOMATO),193,425 g,1,1,1,1,1
BARANGAN BERBUNGKUS,IKAN DALAM TIN,TUNA CAP AYAM (TUNA MAYONNAISE),1882,160 g,1,1,1,1,1
BARANGAN BERBUNGKUS,IKAN DALAM TIN,TUNA CAP TC BOY (SANDWICH DELITE),199,150 g,1,1,1,1,1
BARANGAN BERBUNGKUS,KICAP DAN SOS,KICAP LEMAK MANIS CAP JALEN,215,650 ml,1,1,1,1,1
BARANGAN BERBUNGKUS,KICAP DAN SOS,KICAP LEMAK MANIS CAP KIPAS UDANG,214,345ml,1,1,1,1,1
BARANGAN BERBUNGKUS,KICAP DAN SOS,KICAP LEMAK MASIN CAP KIPAS UDANG,1115,345ml,1,1,1,1,1
BARANGAN BERBUNGKUS,KICAP DAN SOS,KICAP MANIS ADABI,1135,340ml,1,1,1,1,1
BARANGAN BERBUNGKUS,KICAP DAN SOS,KICAP MASIN ADABI,1136,340ml,1,1,1,1,1
BARANGAN BERBUNGKUS,KICAP DAN SOS,KICAP SOYA PEKAT MANIS CAP AYAM,1828,330 ml,1,1,1,1,1
BARANGAN BERBUNGKUS,KICAP DAN SOS,KICAP TAMIN (DARK SOY SAUCE),2012,350ml,1,1,1,1,1
BARANGAN BERBUNGKUS,KICAP DAN SOS,KICAP TONG NAM (DARK SOY SAUCE),1837,330 ml,1,1,1,1,1
BARANGAN BERBUNGKUS,KICAP DAN SOS,SOS CILI KIMBALL,957,340 g,1,1,1,1,1
BARANGAN BERBUNGKUS,KICAP DAN SOS,SOS CILI LIFE,218,340 g,1,1,1,1,1
BARANGAN BERBUNGKUS,KICAP DAN SOS,SOS CILI MAGGI,1070,340 g,1,1,1,1,1
BARANGAN BERBUNGKUS,KICAP DAN SOS,SOS CILI MAGGI,1097,500 g,1,1,1,1,1
BARANGAN BERBUNGKUS,KICAP DAN SOS,SOS CILI THAI LIFE,1137,360g,1,1,1,1,1
BARANGAN BERBUNGKUS,KICAP DAN SOS,SOS TIRAM ADABI,1117,510 g,1,1,1,1,1
BARANGAN BERBUNGKUS,KICAP DAN SOS,SOS TIRAM KIMBALL,1114,510 g,1,1,1,1,1
BARANGAN BERBUNGKUS,KICAP DAN SOS,SOS TIRAM MAGGI,1138,340 g,1,1,1,1,1
BARANGAN BERBUNGKUS,KICAP DAN SOS,SOS TIRAM NONA,1116,510 g,1,1,1,1,1
BARANGAN BERBUNGKUS,KICAP DAN SOS,SOS TOMATO LIFE,1139,330 g,1,1,1,1,1
BARANGAN BERBUNGKUS,KICAP DAN SOS,SOS TOMATO MAGGI,217,325 g,1,1,1,1,1
BARANGAN BERBUNGKUS,KRIMER DAN SUSU TEPUNG,ANMUM LACTA (BIASA),843,650g,1,1,1,1,1
BARANGAN BERBUNGKUS,KRIMER DAN SUSU TEPUNG,ANMUM MATERNA (BIASA/COKLAT),336,650g,1,1,1,1,1
BARANGAN BERBUNGKUS,KRIMER DAN SUSU TEPUNG,KRIMER MANIS BERVITAMIN CAP F&N,883,500 g,1,1,1,1,1
BARANGAN BERBUNGKUS,KRIMER DAN SUSU TEPUNG,KRIMER MANIS CAP GOLD COIN,884,500 g,1,1,1,1,1
BARANGAN BERBUNGKUS,KRIMER DAN SUSU TEPUNG,KRIMER MANIS CAP JUNJUNG,388,500 g,1,1,1,1,1
BARANGAN BERBUNGKUS,KRIMER DAN SUSU TEPUNG,KRIMER MANIS CAP TEAPOT,1873,500 g,1,1,1,1,1
BARANGAN BERBUNGKUS,KRIMER DAN SUSU TEPUNG,KRIMER MANIS PEKAT CAP SAJI,1953,500 g,1,1,1,1,1
BARANGAN BERBUNGKUS,KRIMER DAN SUSU TEPUNG,KRIMER SEJAT CAIR SAJI,1871,390g,1,1,1,1,1
BARANGAN BERBUNGKUS,KRIMER DAN SUSU TEPUNG,KRIMER SEJAT CAP F&N,1952,390g,1,1,1,1,1
BARANGAN BERBUNGKUS,KRIMER DAN SUSU TEPUNG,KRIMER SEJAT CARNATION,1463,390g,1,1,1,1,1
BARANGAN BERBUNGKUS,KRIMER DAN SUSU TEPUNG,SUSU ANLENE ACTIFIT 3X COKLAT,1105,600 g,1,1,1,1,1
BARANGAN BERBUNGKUS,KRIMER DAN SUSU TEPUNG,SUSU ANLENE ACTIFIT 3X PERISA ASLI,334,600 g,1,1,1,1,1
BARANGAN BERBUNGKUS,KRIMER DAN SUSU TEPUNG,SUSU ANLENE GOLD 5X,335,600 g,1,1,1,1,1
BARANGAN BERBUNGKUS,KRIMER DAN SUSU TEPUNG,SUSU ISIAN PEKAT MANIS CAP F & N,1618,500 g,1,1,1,1,1
BARANGAN BERBUNGKUS,KRIMER DAN SUSU TEPUNG,SUSU SEJAT PENUH KRIM CAP IDEAL,320,390g,1,1,1,1,1
BARANGAN BERBUNGKUS,KRIMER DAN SUSU TEPUNG,SUSU TEPUNG ISIAN KURANG LEMAK 'OMEGA PLUS',327,1kg,1,1,1,1,1
BARANGAN BERBUNGKUS,KRIMER DAN SUSU TEPUNG,SUSU TEPUNG ISIAN KURANG LEMAK 'OMEGA PLUS',345,600 g,1,1,1,1,1
BARANGAN BERBUNGKUS,KRIMER DAN SUSU TEPUNG,SUSU TEPUNG PENUH KRIM DUTCHLADY,919,600 g,1,1,1,1,1
BARANGAN BERBUNGKUS,KRIMER DAN SUSU TEPUNG,SUSU TEPUNG PENUH KRIM SEGERA NESPRAY,2008,480 g,1,1,1,1,1
BARANGAN BERBUNGKUS,KRIMER DAN SUSU TEPUNG,SUSU TEPUNG SEGERA DUTCHLADY (BIASA ),1619,600 g,1,1,1,1,1
BARANGAN BERBUNGKUS,KRIMER DAN SUSU TEPUNG,SUSU TEPUNG SEGERA EVERYDAY,344,550 g,1,1,1,1,1
BARANGAN BERBUNGKUS,KRIMER DAN SUSU TEPUNG,SUSU TEPUNG SEGERA EVERYDAY,1954,900 g,1,1,1,1,1
BARANGAN BERBUNGKUS,KRIMER DAN SUSU TEPUNG,SUSU TEPUNG SEGERA FERNLEAF (INSTANT),332,550 g,1,1,1,1,1
BARANGAN BERBUNGKUS,MENTEGA,MENTEGA ANCHOR (SALTED),1615,227g,1,1,1,1,1
BARANGAN BERBUNGKUS,MENTEGA,MENTEGA SCS (SALTED),1609,250 g,1,1,1,1,1
BARANGAN BERBUNGKUS,MI SEGERA,CINTAN MI SEGERA PERISA AYAM,1977,5 X 75g,1,1,1,1,1
BARANGAN BERBUNGKUS,MI SEGERA,MAGGI MI SEGERA PERISA KARI,1976,5 X 79g,1,1,1,1,1
BARANGAN BERBUNGKUS,MI SEGERA,MI SEDAP MI GORENG PERISA ASLI,1978,5 X 90g,1,1,1,1,1
BARANGAN BERBUNGKUS,MINYAK DAN LEMAK,MINYAK JAGUNG CAP DAISY,1086,1kg,1,1,1,1,1
BARANGAN BERBUNGKUS,MINYAK DAN LEMAK,MINYAK JAGUNG CAP DAISY,1087,3 kg,1,1,1,1,1
BARANGAN BERBUNGKUS,MINYAK DAN LEMAK,MINYAK JAGUNG CAP DAISY,1595,2 kg,1,1,1,1,1
BARANGAN BERBUNGKUS,MINYAK DAN LEMAK,MINYAK JAGUNG CAP MAZOLA,246,1kg,1,1,1,1,1
BARANGAN BERBUNGKUS,MINYAK DAN LEMAK,MINYAK JAGUNG CAP MAZOLA,1088,3 kg,1,1,1,1,1
BARANGAN BERBUNGKUS,MINYAK DAN LEMAK,MINYAK JAGUNG CAP MAZOLA,1596,2 kg,1,1,1,1,1
BARANGAN BERBUNGKUS,MINYAK DAN LEMAK,MINYAK JAGUNG CAP VECORN,1089,3 kg,1,1,1,1,1
BARANGAN BERBUNGKUS,MINYAK DAN LEMAK,MINYAK JAGUNG CAP VECORN,1090,1kg,1,1,1,1,1
BARANGAN BERBUNGKUS,MINYAK DAN LEMAK,MINYAK JAGUNG CAP VECORN,1597,2 kg,1,1,1,1,1
BARANGAN BERBUNGKUS,MINYAK DAN LEMAK,MINYAK MASAK PAKET (PELBAGAI JENAMA),918,1kg,1,1,1,1,1
BARANGAN BERBUNGKUS,MINYAK DAN LEMAK,MINYAK MASAK SEBATIAN CAP ADELA GOLD,1934,1kg,1,1,1,1,1
BARANGAN BERBUNGKUS,MINYAK DAN LEMAK,MINYAK MASAK SEBATIAN CAP ADELA GOLD,1935,2 kg,1,1,1,1,1
BARANGAN BERBUNGKUS,MINYAK DAN LEMAK,MINYAK MASAK SEBATIAN CAP ADELA GOLD,1936,5 kg,1,1,1,1,1
BARANGAN BERBUNGKUS,MINYAK DAN LEMAK,MINYAK MASAK SEBATIAN CAP HELANG,254,5 kg,1,1,1,1,1
BARANGAN BERBUNGKUS,MINYAK DAN LEMAK,MINYAK MASAK SEBATIAN CAP HELANG,1091,1kg,1,1,1,1,1
BARANGAN BERBUNGKUS,MINYAK DAN LEMAK,MINYAK MASAK SEBATIAN CAP HELANG,1598,2 kg,1,1,1,1,1
BARANGAN BERBUNGKUS,MINYAK DAN LEMAK,MINYAK MASAK SEBATIAN CAP NEPTUNE,257,5 kg,1,1,1,1,1
BARANGAN BERBUNGKUS,MINYAK DAN LEMAK,MINYAK MASAK SEBATIAN CAP NEPTUNE,1092,1kg,1,1,1,1,1
BARANGAN BERBUNGKUS,MINYAK DAN LEMAK,MINYAK MASAK SEBATIAN CAP NEPTUNE,1599,2 kg,1,1,1,1,1
BARANGAN BERBUNGKUS,MINYAK DAN LEMAK,MINYAK MASAK SEBATIAN CAP PISAU,260,5 kg,1,1,1,1,1
BARANGAN BERBUNGKUS,MINYAK DAN LEMAK,MINYAK MASAK SEBATIAN CAP PISAU,1093,1kg,1,1,1,1,1
BARANGAN BERBUNGKUS,MINYAK DAN LEMAK,MINYAK MASAK SEBATIAN CAP PISAU,1600,2 kg,1,1,1,1,1
BARANGAN BERBUNGKUS,MINYAK DAN LEMAK,MINYAK MASAK TULEN CAP ALIF,1940,1kg,1,1,1,1,1
BARANGAN BERBUNGKUS,MINYAK DAN LEMAK,MINYAK MASAK TULEN CAP ALIF,1941,2 kg,1,1,1,1,1
BARANGAN BERBUNGKUS,MINYAK DAN LEMAK,MINYAK MASAK TULEN CAP ALIF,1942,5 kg,1,1,1,1,1
BARANGAN BERBUNGKUS,MINYAK DAN LEMAK,MINYAK MASAK TULEN CAP BURUH,263,5 kg,1,1,1,1,1
BARANGAN BERBUNGKUS,MINYAK DAN LEMAK,MINYAK MASAK TULEN CAP BURUH,1094,1kg,1,1,1,1,1
BARANGAN BERBUNGKUS,MINYAK DAN LEMAK,MINYAK MASAK TULEN CAP BURUH,1601,2 kg,1,1,1,1,1
BARANGAN BERBUNGKUS,MINYAK DAN LEMAK,MINYAK MASAK TULEN CAP SAJI,1937,1kg,1,1,1,1,1
BARANGAN BERBUNGKUS,MINYAK DAN LEMAK,MINYAK MASAK TULEN CAP SAJI,1938,2 kg,1,1,1,1,1
BARANGAN BERBUNGKUS,MINYAK DAN LEMAK,MINYAK MASAK TULEN CAP SAJI,1939,5 kg,1,1,1,1,1
BARANGAN BERBUNGKUS,MINYAK DAN LEMAK,MINYAK MASAK TULEN CAP SERI MURNI,266,5 kg,1,1,1,1,1
BARANGAN BERBUNGKUS,MINYAK DAN LEMAK,MINYAK MASAK TULEN CAP SERI MURNI,1100,1kg,1,1,1,1,1
BARANGAN BERBUNGKUS,MINYAK DAN LEMAK,MINYAK MASAK TULEN CAP SERI MURNI,1101,2 kg,1,1,1,1,1
BARANGAN BERBUNGKUS,MINYAK DAN LEMAK,MINYAK MASAK TULEN CAP VESAWIT,267,1kg,1,1,1,1,1
BARANGAN BERBUNGKUS,MINYAK DAN LEMAK,MINYAK MASAK TULEN CAP VESAWIT,1095,5 kg,1,1,1,1,1
BARANGAN BERBUNGKUS,MINYAK DAN LEMAK,MINYAK MASAK TULEN CAP VESAWIT,1602,2 kg,1,1,1,1,1
BARANGAN BERBUNGKUS,MINYAK DAN LEMAK,MINYAK SAPI CAP QBB,271,400 g,1,1,1,1,1
BARANGAN BERBUNGKUS,MINYAK DAN LEMAK,MINYAK SAPI CAP WINDMILL GHEEBLEND,1603,400 g,1,1,1,1,1
BARANGAN BERBUNGKUS,REMPAH RATUS (BERBUNGKUS),ASAM JAWA (BERBIJI) PELBAGAI JENAMA,1489,200 g,1,1,1,1,1
BARANGAN BERBUNGKUS,REMPAH RATUS (BERBUNGKUS),ASAM JAWA (TIDAK BERBIJI) ADABI,1604,200 g,1,1,1,1,1
BARANGAN BERBUNGKUS,REMPAH RATUS (BERBUNGKUS),GARAM HALUS BIASA (PELBAGAI JENAMA),1605,+-350g,1,1,1,1,1
BARANGAN BERBUNGKUS,REMPAH RATUS (BERBUNGKUS),KIUB SUP TOM YAM (MAGGI),2011,6 X 10g,1,1,1,1,1
BARANGAN BERBUNGKUS,REMPAH RATUS (BERBUNGKUS),PERENCAH NASI GORENG IKAN BILIS SERI AJI,1545,26G,1,1,1,1,1
BARANGAN BERBUNGKUS,REMPAH RATUS (BERBUNGKUS),PERENCAH TOM YAM ADABI,1153,40 g,1,1,1,1,1
BARANGAN BERBUNGKUS,REMPAH RATUS (BERBUNGKUS),SERBUK CABAI ALAGAPPAS,1881,230g,1,1,1,1,1
BARANGAN BERBUNGKUS,REMPAH RATUS (BERBUNGKUS),SERBUK CILI BABAS,364,250 g,1,1,1,1,1
BARANGAN BERBUNGKUS,REMPAH RATUS (BERBUNGKUS),SERBUK CILI KIJANG,1125,250 g,1,1,1,1,1
BARANGAN BERBUNGKUS,REMPAH RATUS (BERBUNGKUS),SERBUK KARI AYAM DAN DAGING ADABI,1570,250 g,1,1,1,1,1
BARANGAN BERBUNGKUS,REMPAH RATUS (BERBUNGKUS),SERBUK KARI DAGING ALAGAPPAS,1571,250 g,1,1,1,1,1
BARANGAN BERBUNGKUS,REMPAH RATUS (BERBUNGKUS),SERBUK KARI DAGING ALAGAPPAS,1839,200 g,1,1,1,1,1
BARANGAN BERBUNGKUS,REMPAH RATUS (BERBUNGKUS),SERBUK KARI DAGING BABAS,1572,250 g,1,1,1,1,1
BARANGAN BERBUNGKUS,REMPAH RATUS (BERBUNGKUS),SERBUK KARI IKAN ADABI,1568,250 g,1,1,1,1,1
BARANGAN BERBUNGKUS,REMPAH RATUS (BERBUNGKUS),SERBUK KARI IKAN ALAGAPPAS,1569,250 g,1,1,1,1,1
BARANGAN BERBUNGKUS,REMPAH RATUS (BERBUNGKUS),SERBUK KARI IKAN ALAGAPPAS,1838,200 g,1,1,1,1,1
BARANGAN BERBUNGKUS,REMPAH RATUS (BERBUNGKUS),SERBUK KARI IKAN BABAS,350,250 g,1,1,1,1,1
BARANGAN BERBUNGKUS,REMPAH RATUS (BERBUNGKUS),SERBUK KARI KURMA ALAGAPPAS,1576,200 g,1,1,1,1,1
BARANGAN BERBUNGKUS,REMPAH RATUS (BERBUNGKUS),SERBUK KUNYIT ALAGAPPAS,1924,230g,1,1,1,1,1
BARANGAN BERBUNGKUS,REMPAH RATUS (BERBUNGKUS),SERBUK KUNYIT BABAS,367,250 g,1,1,1,1,1
BARANGAN BERBUNGKUS,REMPAH RATUS (BERBUNGKUS),SERBUK KUNYIT CAMPURAN (SEBATIAN) ADABI,365,250 g,1,1,1,1,1
BARANGAN BERBUNGKUS,REMPAH RATUS (BERBUNGKUS),SERBUK KURMA AYAM & DAGING ADABI,1573,250 g,1,1,1,1,1
BARANGAN BERBUNGKUS,REMPAH RATUS (BERBUNGKUS),SERBUK KURMA BABAS,1575,125 g,1,1,1,1,1
BARANGAN BERBUNGKUS,REMPAH RATUS (BERBUNGKUS),SERBUK NASI GORENG CINA ADABI,1544,17 g,1,1,1,1,1
BARANGAN BERBUNGKUS,REMPAH RATUS (BERBUNGKUS),SERBUK PERENCAH SUP ADABI,1577,250 g,1,1,1,1,1
BARANGAN BERBUNGKUS,REMPAH RATUS (BERBUNGKUS),SERBUK REMPAH SUP MAK SITI,1578,250 g,1,1,1,1,1
BARANGAN BERBUNGKUS,REMPAH RATUS (BERBUNGKUS),SERBUK SUP FAIZA,1579,220 g,1,1,1,1,1
BARANGAN BERBUNGKUS,REMPAH RATUS (BERBUNGKUS),SUP BUNJUT ADABI,360,8 g,1,1,1,1,1
BARANGAN BERBUNGKUS,REMPAH RATUS (BERBUNGKUS),SUP PUNJUT MAK SITI,361,10 g,1,1,1,1,1
BARANGAN BERBUNGKUS,REMPAH RATUS (TIDAK BERBUNGKUS),BIJI KETUMBAR,870,100 g,1,1,1,1,1
BARANGAN BERBUNGKUS,REMPAH RATUS (TIDAK BERBUNGKUS),BIJI SAWI,869,100 g,1,1,1,1,1
BARANGAN BERBUNGKUS,REMPAH RATUS (TIDAK BERBUNGKUS),BUAH KERAS,867,100 g,1,1,1,1,1
BARANGAN BERBUNGKUS,REMPAH RATUS (TIDAK BERBUNGKUS),BUAH PALA,868,100 g,1,1,1,1,1
BARANGAN BERBUNGKUS,REMPAH RATUS (TIDAK BERBUNGKUS),BUAH PELAGA,866,100 g,1,1,1,1,1
BARANGAN BERBUNGKUS,REMPAH RATUS (TIDAK BERBUNGKUS),BUNGA CENGKIH,864,100 g,1,1,1,1,1
BARANGAN BERBUNGKUS,REMPAH RATUS (TIDAK BERBUNGKUS),BUNGA LAWANG,865,100 g,1,1,1,1,1
BARANGAN BERBUNGKUS,REMPAH RATUS (TIDAK BERBUNGKUS),HALBA,896,100 g,1,1,1,1,1
BARANGAN BERBUNGKUS,REMPAH RATUS (TIDAK BERBUNGKUS),JINTAN MANIS (KASAR),863,100 g,1,1,1,1,1
BARANGAN BERBUNGKUS,REMPAH RATUS (TIDAK BERBUNGKUS),KULIT KAYU MANIS,343,100 g,1,1,1,1,1
BARANGAN BERBUNGKUS,REMPAH RATUS (TIDAK BERBUNGKUS),LADA HITAM,871,100 g,1,1,1,1,1
BARANGAN BERBUNGKUS,REMPAH RATUS (TIDAK BERBUNGKUS),LADA PUTIH,873,100 g,1,1,1,1,1
BARANGAN BERBUNGKUS,REMPAH RATUS (TIDAK BERBUNGKUS),REMPAH KURMA (TIDAK BERBUNGKUS),346,100 g,1,1,1,1,1
BARANGAN BERBUNGKUS,REMPAH RATUS (TIDAK BERBUNGKUS),REMPAH SUP (TIDAK BERBUNGKUS),347,100 g,1,1,1,1,1
BARANGAN BERBUNGKUS,REMPAH RATUS (TIDAK BERBUNGKUS),SERBUK CILI  (TIDAK BERBUNGKUS),155,100 g,1,1,1,1,1
BARANGAN BERBUNGKUS,REMPAH RATUS (TIDAK BERBUNGKUS),SERBUK KARI DAGING (TIDAK BERBUNGKUS),1567,100 g,1,1,1,1,1
BARANGAN BERBUNGKUS,REMPAH RATUS (TIDAK BERBUNGKUS),SERBUK KARI IKAN (TIDAK BERBUNGKUS),1566,100 g,1,1,1,1,1
BARANGAN BERBUNGKUS,REMPAH RATUS (TIDAK BERBUNGKUS),SERBUK KUNYIT (TIDAK BERBUNGKUS),154,100 g,1,1,1,1,1
BARANGAN BERBUNGKUS,ROTI,ROTI GARDENIA BREAKTHRU - ROTI GANDUM PENUH,1494,400 g,1,1,1,1,1
BARANGAN BERBUNGKUS,ROTI,ROTI SANDWICH GARDENIA ORIGINAL CLASSIC,272,400 g,1,1,1,1,1
BARANGAN BERBUNGKUS,ROTI,ROTI SANDWICH MASSIMO DENGAN GERMA GANDUM,1586,400 g,1,1,1,1,1
BARANGAN BERBUNGKUS,ROTI,ROTI WHOLEMEAL (PELBAGAI JENAMA),1949,400 g,1,1,1,1,1
BARANGAN BERBUNGKUS,SANTAN (KOTAK),SANTAN KELAPA JENAMA AYAM BRAND,1151,1 liter,1,1,1,1,1
BARANGAN BERBUNGKUS,SANTAN (KOTAK),SANTAN KELAPA JENAMA HARMUNI,1612,200 ml,1,1,1,1,1
BARANGAN BERBUNGKUS,SANTAN (KOTAK),SANTAN KELAPA JENAMA KARA,1611,200 ml,1,1,1,1,1
BARANGAN BERBUNGKUS,SANTAN (KOTAK),SANTAN KELAPA JENAMA M&S,1610,500 ml,1,1,1,1,1
BARANGAN BERBUNGKUS,SAPUAN (SPREADS),BUTTERLITE (LEPA SUSU ISTIMEWA),1829,250 g,1,1,1,1,1
BARANGAN BERBUNGKUS,SAPUAN (SPREADS),JEM STRAWBERI LADY'S CHOICE,201,400 g,1,1,1,1,1
BARANGAN BERBUNGKUS,SAPUAN (SPREADS),KRAFT DAIRYLEA SINGLES CHEESE 12 SLICES,2013,250 g,1,1,1,1,1
BARANGAN BERBUNGKUS,SAPUAN (SPREADS),LEPAAN BUTTERCUP,1608,250 g,1,1,1,1,1
BARANGAN BERBUNGKUS,SAPUAN (SPREADS),LEPAAN FARMCOWS,1607,250 g,1,1,1,1,1
BARANGAN BERBUNGKUS,SAPUAN (SPREADS),MAINLAND CHESDALE CHEDDAR CHEESE SPREAD 12 CHEDDAR,203,250 g,1,1,1,1,1
BARANGAN BERBUNGKUS,SAPUAN (SPREADS),MARJERIN DAISY,205,480 g,1,1,1,1,1
BARANGAN BERBUNGKUS,SAPUAN (SPREADS),MARJERIN DAISY,1141,240 g,1,1,1,1,1
BARANGAN BERBUNGKUS,SAPUAN (SPREADS),MARJERIN PLANTA,206,480 g,1,1,1,1,1
BARANGAN BERBUNGKUS,SAPUAN (SPREADS),MARJERIN PLANTA,1140,240 g,1,1,1,1,1
BARANGAN BERBUNGKUS,SAPUAN (SPREADS),MAYONIS SEBENAR LADY'S CHOICE,1872,220ml,1,1,1,1,1
BARANGAN BERBUNGKUS,SAPUAN (SPREADS),MENTEGA KACANG HALUS LADY'S CHOICE,1144,340 g,1,1,1,1,1
BARANGAN BERBUNGKUS,SAPUAN (SPREADS),MENTEGA KACANG HALUS LADY'S CHOICE,1606,500 g,1,1,1,1,1
BARANGAN BERBUNGKUS,SAPUAN (SPREADS),SERI KAYA YEO'S,202,480 g,1,1,1,1,1
BARANGAN BERBUNGKUS,TEPUNG,TEPUNG BERAS (PELBAGAI JENAMA),1591,500 g,1,1,1,1,1
BARANGAN BERBUNGKUS,TEPUNG,TEPUNG GANDUM GP (BERBUNGKUS) PELBAGAI JENAMA,1593,1kg,1,1,1,1,1
BARANGAN BERBUNGKUS,TEPUNG,"TEPUNG GANDUM NGP (BERBUNGKUS, CAP  FAIZA)",1870,1kg,1,1,1,1,1
BARANGAN BERBUNGKUS,TEPUNG,"TEPUNG GANDUM NGP (BERBUNGKUS, CAP MUHIBAH)",1827,1kg,1,1,1,1,1
BARANGAN BERBUNGKUS,TEPUNG,"TEPUNG GANDUM NGP (BERBUNGKUS, CAP SAUH)",917,1kg,1,1,1,1,1
BARANGAN BERBUNGKUS,TEPUNG,TEPUNG JAGUNG (PELBAGAI JENAMA),1498,400 g,1,1,1,1,1
BARANGAN BERBUNGKUS,TEPUNG,TEPUNG NAIK SENDIRI CAP 'BLUE KEY',1849,1kg,1,1,1,1,1
BARANGAN BERBUNGKUS,TEPUNG,TEPUNG PULUT (PELBAGAI JENAMA),1594,500 g,1,1,1,1,1
BARANGAN KERING,BAWANG,BAWANG BESAR IMPORT (CHINA),1441,1kg,1,1,1,1,1
BARANGAN KERING,BAWANG,BAWANG BESAR IMPORT (INDIA),1440,1kg,1,1,1,1,1
BARANGAN KERING,BAWANG,BAWANG BESAR IMPORT (PAKISTAN),1931,1kg,1,1,1,1,1
BARANGAN KERING,BAWANG,BAWANG BESAR KUNING/HOLLAND,129,1kg,1,1,1,1,1
BARANGAN KERING,BAWANG,BAWANG KECIL MERAH BIASA IMPORT (INDIA),1442,1kg,1,1,1,1,1
BARANGAN KERING,BAWANG,BAWANG KECIL MERAH IMPORT (CHINA),1443,1kg,1,1,1,1,1
BARANGAN KERING,BAWANG,BAWANG KECIL MERAH IMPORT (HOLLAND),1933,1kg,1,1,1,1,1
BARANGAN KERING,BAWANG,BAWANG KECIL MERAH IMPORT (MYANMAR),1444,1kg,1,1,1,1,1
BARANGAN KERING,BAWANG,BAWANG KECIL MERAH IMPORT (THAILAND),132,1kg,1,1,1,1,1
BARANGAN KERING,BAWANG,BAWANG KECIL MERAH ROSE IMPORT (INDIA),131,1kg,1,1,1,1,1
BARANGAN KERING,BAWANG,BAWANG PUTIH IMPORT (CHINA),1564,1kg,1,1,1,1,1
BARANGAN KERING,CILI KERING,CILI KERING KERINTING (BERTANGKAI/TIDAK BERTANGKAI),1899,1kg,1,1,1,1,1
BARANGAN KERING,CILI KERING,CILI KERING LEPER (BERTANGKAI/TIDAK BERTANGKAI),1900,1kg,1,1,1,1,1
BARANGAN KERING,HASIL LAUT KERING,IKAN BILIS GRED B (KOPEK),148,1kg,1,1,1,1,1
BARANGAN KERING,HASIL LAUT KERING,SOTONG KERING (SAIZ SERDAHANA),1563,1kg,1,1,1,1,1
BARANGAN KERING,HASIL LAUT KERING,UDANG KERING,1562,100 g,1,1,1,1,1
BARANGAN KERING,KACANG,KACANG DAL (AUSTRALIA),1422,1kg,1,1,1,1,1
BARANGAN KERING,KACANG,KACANG DAL BIASA (INDIA),1419,1kg,1,1,1,1,1
BARANGAN KERING,KACANG,KACANG DAL MALAVI (INDIA),1420,1kg,1,1,1,1,1
BARANGAN KERING,KACANG,KACANG HIJAU (IMPORT),152,1kg,1,1,1,1,1
BARANGAN KERING,KACANG,KACANG MERAH (IMPORT),1943,1kg,1,1,1,1,1
BARANGAN KERING,KACANG,KACANG SOYA (IMPORT),1944,1kg,1,1,1,1,1
BARANGAN KERING,KACANG,KACANG TANAH (IMPORT),368,1kg,1,1,1,1,1
BARANGAN KERING,UBI KENTANG,UBI KENTANG HOLLAND,861,1kg,1,1,1,1,1
BARANGAN KERING,UBI KENTANG,UBI KENTANG IMPORT (CHINA),1131,1kg,1,1,1,1,1
BARANGAN KERING,UBI KENTANG,UBI KENTANG RUSSET,160,1kg,1,1,1,1,1
BARANGAN SEGAR,AYAM,AYAM BELANDA IMPORT,1127,1kg,1,1,1,1,1
BARANGAN SEGAR,AYAM,AYAM BERSIH - STANDARD,1,1kg,1,1,1,1,1
BARANGAN SEGAR,AYAM,AYAM BERSIH - SUPER,2,1kg,1,1,1,1,1
BARANGAN SEGAR,AYAM,AYAM HIDUP,3,1kg,1,1,1,1,1
BARANGAN SEGAR,AYAM,DADA AYAM (CHICKEN KEEL) (1KG),1551,1kg,1,1,1,1,1
BARANGAN SEGAR,AYAM,KEPAK AYAM (CHICKEN WING) (1KG),1804,1kg,1,1,1,1,1
BARANGAN SEGAR,AYAM,PAHA AYAM (CHICKEN DRUMSTICK),1550,1kg,1,1,1,1,1
BARANGAN SEGAR,AYAM,THIGH AYAM,1552,1kg,1,1,1,1,1
BARANGAN SEGAR,AYAM,WHOLE LEG AYAM,1553,1kg,1,1,1,1,1
BARANGAN SEGAR,BAHAN LAUT,IKAN BAWAL HITAM (ANTARA 2 HINGGA 5 EKOR SEKILOGRAM),43,1kg,1,1,1,1,1
BARANGAN SEGAR,BAHAN LAUT,IKAN BAWAL PUTIH (ANTARA 2 HINGGA 5 EKOR SEKILOGRAM),1475,1kg,1,1,1,1,1
BARANGAN SEGAR,BAHAN LAUT,IKAN CENCARU (ANTARA 4 HINGGA 6 EKOR SEKILOGRAM),47,1kg,1,1,1,1,1
BARANGAN SEGAR,BAHAN LAUT,IKAN DEMUDUK/CUPAK/CERMIN (b	$ 3 EKOR SEKILOGRAM),1916,1kg,1,1,1,1,1
BARANGAN SEGAR,BAHAN LAUT,IKAN GELAMA (ANTARA 5 HINGGA 10 EKOR SEKILOGRAM),49,1kg,1,1,1,1,1
BARANGAN SEGAR,BAHAN LAUT,IKAN JENAHAK (KEPINGAN),1915,1kg,1,1,1,1,1
BARANGAN SEGAR,BAHAN LAUT,IKAN JENAHAK (b	% 1 KILOGRAM SEEKOR),51,1kg,1,1,1,1,1
BARANGAN SEGAR,BAHAN LAUT,IKAN KEMBUNG (ANTARA 8 HINGGA 12 EKOR SEKILOGRAM),1476,1kg,1,1,1,1,1
BARANGAN SEGAR,BAHAN LAUT,IKAN KEMBUNG KECIL/PELALING (ANTARA 10 HINGGA 18 EKOR SEKILOGRAM),55,1kg,1,1,1,1,1
BARANGAN SEGAR,BAHAN LAUT,IKAN KERAPU (ANTARA 2 HINGGA 5 EKOR SEKILOGRAM),65,1kg,1,1,1,1,1
BARANGAN SEGAR,BAHAN LAUT,IKAN KERISI (ANTARA 5 HINGGA 10 EKOR SEKILOGRAM),1436,1kg,1,1,1,1,1
BARANGAN SEGAR,BAHAN LAUT,IKAN MABUNG (ANTARA 6 HINGGA 10 EKOR SEKILOGRAM),1477,1kg,1,1,1,1,1
BARANGAN SEGAR,BAHAN LAUT,IKAN MERAH (KEPINGAN),1554,1kg,1,1,1,1,1
BARANGAN SEGAR,BAHAN LAUT,IKAN MERAH (b	% 1 KILOGRAM SEEKOR),60,1kg,1,1,1,1,1
BARANGAN SEGAR,BAHAN LAUT,IKAN PARANG (ANTARA 1 HINGGA 3 EKOR SEKILOGRAM),66,1kg,1,1,1,1,1
BARANGAN SEGAR,BAHAN LAUT,IKAN PARANG (KEPINGAN),1917,1kg,1,1,1,1,1
BARANGAN SEGAR,BAHAN LAUT,IKAN PARI (KEPINGAN),68,1kg,1,1,1,1,1
BARANGAN SEGAR,BAHAN LAUT,IKAN SELAR KUNING (b	% 11 EKOR SEKILOGRAM),69,1kg,1,1,1,1,1
BARANGAN SEGAR,BAHAN LAUT,IKAN SELAR PELATA (≤ 7 EKOR SEKILOGRAM),70,1kg,1,1,1,1,1
BARANGAN SEGAR,BAHAN LAUT,IKAN SELAYANG/SARDIN  (≥ 13 EKOR SEKILOGRAM),71,1kg,1,1,1,1,1
BARANGAN SEGAR,BAHAN LAUT,IKAN SENANGIN (ANTARA 2 HINGGA 8 EKOR SEKILOGRAM),73,1kg,1,1,1,1,1
BARANGAN SEGAR,BAHAN LAUT,IKAN SIAKAP (ANTARA 2 HINGGA 4 EKOR SEKILOGRAM),1437,1kg,1,1,1,1,1
BARANGAN SEGAR,BAHAN LAUT,IKAN TAMBAN BELURU (ANTARA 10 HINGGA 19 EKOR SEKILOGRAM),78,1kg,1,1,1,1,1
BARANGAN SEGAR,BAHAN LAUT,IKAN TENGGIRI BATANG (ANTARA 1 HINGGA 2 EKOR SEKILOGRAM),82,1kg,1,1,1,1,1
BARANGAN SEGAR,BAHAN LAUT,IKAN TENGGIRI BATANG (KEPINGAN),1438,1kg,1,1,1,1,1
BARANGAN SEGAR,BAHAN LAUT,IKAN TENGGIRI PAPAN (ANTARA 1 HINGGA 2 EKOR SEKILOGRAM),79,1kg,1,1,1,1,1
BARANGAN SEGAR,BAHAN LAUT,IKAN TERUBOK (b	$ 4 EKOR SEKILOGRAM),1918,1kg,1,1,1,1,1
BARANGAN SEGAR,BAHAN LAUT,IKAN TONGKOL/AYA/KAYU HITAM (ANTARA 1 HINGGA 2 EKOR SEKILOGRAM),83,1kg,1,1,1,1,1
BARANGAN SEGAR,BAHAN LAUT,KEPALA IKAN JENAHAK,52,1kg,1,1,1,1,1
BARANGAN SEGAR,BAHAN LAUT,KEPALA IKAN MERAH,64,1kg,1,1,1,1,1
BARANGAN SEGAR,BAHAN LAUT,KERANG (SAIZ SEDERHANA),1920,1kg,1,1,1,1,1
BARANGAN SEGAR,BAHAN LAUT,KETAM RENJONG/BUNGA (ANTARA 5 HINGGA 8 EKOR SEKILOGRAM),847,1kg,1,1,1,1,1
BARANGAN SEGAR,BAHAN LAUT,SOTONG (≥ 6 EKOR SEKILOGRAM),845,1kg,1,1,1,1,1
BARANGAN SEGAR,BAHAN LAUT,UDANG HARIMAU (ANTARA 20 HINGGA 30 EKOR SEKILOGRAM),850,1kg,1,1,1,1,1
BARANGAN SEGAR,BAHAN LAUT,UDANG PUTIH BESAR (ANTARA 20 HINGGA 30 EKOR SEKILOGRAM),1919,1kg,1,1,1,1,1
BARANGAN SEGAR,BAHAN LAUT,UDANG PUTIH BESAR/BANANA PRAWN (BERAT ANTARA 41 EKOR HINGGA 60 EKOR SEKILOGRAM),1391,1kg,1,1,1,1,1
BARANGAN SEGAR,BAHAN LAUT,UDANG PUTIH KECIL (b	% 61 EKOR SEKILOGRAM),849,1kg,1,1,1,1,1
BARANGAN SEGAR,BAHAN LAUT,UDANG PUTIH/VANNAMEI (TERNAK) (ANTARA 41 HINGGA 60 EKOR SEKILOGRAM),1555,1kg,1,1,1,1,1
BARANGAN SEGAR,BUAH-BUAHAN,ANGGUR HIJAU BERBIJI,26,1kg,1,1,1,1,1
BARANGAN SEGAR,BUAH-BUAHAN,ANGGUR MERAH BERBIJI,27,1kg,1,1,1,1,1
BARANGAN SEGAR,BUAH-BUAHAN,BETIK BIASA,16,1kg,1,1,1,1,1
BARANGAN SEGAR,BUAH-BUAHAN,DRAGON FRUIT MERAH,22,1kg,1,1,1,1,1
BARANGAN SEGAR,BUAH-BUAHAN,EPAL HIJAU GRANNY SMITH (SAIZ M),1485,1 biji,1,1,1,1,1
BARANGAN SEGAR,BUAH-BUAHAN,EPAL MERAH RED DELICIOUS (SAIZ M),1486,1 biji,1,1,1,1,1
BARANGAN SEGAR,BUAH-BUAHAN,JAMBU BATU BERBIJI,38,1kg,1,1,1,1,1
BARANGAN SEGAR,BUAH-BUAHAN,JAMBU BATU TANPA BIJI,39,1kg,1,1,1,1,1
BARANGAN SEGAR,BUAH-BUAHAN,LAI KUNING (SAIZ M),31,1 biji,1,1,1,1,1
BARANGAN SEGAR,BUAH-BUAHAN,LIMAU NIPIS,1132,1kg,1,1,1,1,1
BARANGAN SEGAR,BUAH-BUAHAN,NENAS BIASA (JOSAPINE/MORRIS/SARAWAK),25,1 biji,1,1,1,1,1
BARANGAN SEGAR,BUAH-BUAHAN,OREN VALENCIA (SAIZ M),1487,1 biji,1,1,1,1,1
BARANGAN SEGAR,BUAH-BUAHAN,PISANG BERANGAN,18,1kg,1,1,1,1,1
BARANGAN SEGAR,BUAH-BUAHAN,PISANG EMAS,19,1kg,1,1,1,1,1
BARANGAN SEGAR,BUAH-BUAHAN,TEMBIKAI MERAH BERBIJI,20,1kg,1,1,1,1,1
BARANGAN SEGAR,BUAH-BUAHAN,TEMBIKAI MERAH TANPA BIJI,21,1kg,1,1,1,1,1
BARANGAN SEGAR,BUAH-BUAHAN,TEMBIKAI SUSU,24,1kg,1,1,1,1,1
BARANGAN SEGAR,DAGING,DAGING BABI (DAGING & LEMAK / LEAN & FAT),1380,1kg,1,1,1,1,1
BARANGAN SEGAR,DAGING,DAGING BABI (ISI DAGING / PURE LEAN),1381,1kg,1,1,1,1,1
BARANGAN SEGAR,DAGING,DAGING BABI (PERUT / BELLY),1379,1kg,1,1,1,1,1
BARANGAN SEGAR,DAGING,DAGING BABI (RUSUK DENGAN DAGING/ RIBS WITH MEAT),1383,1kg,1,1,1,1,1
BARANGAN SEGAR,DAGING,DAGING KAMBING BEBIRI IMPORT BERTULANG (LAMB) (AUSTRALIA - KOTAK) (1KG),1907,1kg,1,1,1,1,1
BARANGAN SEGAR,DAGING,DAGING KAMBING BEBIRI IMPORT BERTULANG (LAMB) (NEW ZEALAND - KOTAK),1908,1kg,1,1,1,1,1
BARANGAN SEGAR,DAGING,DAGING KAMBING BEBIRI IMPORT BERTULANG (MUTTON) (AUSTRALIA - KOTAK),9,1kg,1,1,1,1,1
BARANGAN SEGAR,DAGING,DAGING KAMBING BEBIRI IMPORT BERTULANG (MUTTON) (NEW ZEALAND - KOTAK),10,1kg,1,1,1,1,1
BARANGAN SEGAR,DAGING,DAGING KAMBING BEBIRI IMPORT TANPA TULANG (LAMB) (TIDAK TERMASUK PAHA - AUSTRALIA),1909,1kg,1,1,1,1,1
BARANGAN SEGAR,DAGING,DAGING KAMBING BEBIRI IMPORT TANPA TULANG (LAMB) (TIDAK TERMASUK PAHA - NEW ZEALAND),1910,1kg,1,1,1,1,1
BARANGAN SEGAR,DAGING,DAGING KAMBING BEBIRI IMPORT TANPA TULANG (MUTTON) (TIDAK TERMASUK PAHA - AUSTRALIA),11,1kg,1,1,1,1,1
BARANGAN SEGAR,DAGING,DAGING KAMBING BEBIRI IMPORT TANPA TULANG (MUTTON) (TIDAK TERMASUK PAHA - NEW ZEALAND),12,1kg,1,1,1,1,1
BARANGAN SEGAR,DAGING,DAGING KAMBING TEMPATAN BERTULANG,1369,1kg,1,1,1,1,1
BARANGAN SEGAR,DAGING,DAGING KERBAU IMPORT (INDIA) (BLOCK),1914,1kg,1,1,1,1,1
BARANGAN SEGAR,DAGING,DAGING KERBAU IMPORT (INDIA) * (BLADE),1377,1kg,1,1,1,1,1
BARANGAN SEGAR,DAGING,DAGING KERBAU IMPORT (INDIA) * (CHUCK),1378,1kg,1,1,1,1,1
BARANGAN SEGAR,DAGING,DAGING KERBAU IMPORT (INDIA) * (RUMP),1376,1kg,1,1,1,1,1
BARANGAN SEGAR,DAGING,DAGING KERBAU IMPORT (INDIA) * (SILVERSIDE),1375,1kg,1,1,1,1,1
BARANGAN SEGAR,DAGING,DAGING KERBAU IMPORT (INDIA) * (TOP SIDE),14,1kg,1,1,1,1,1
BARANGAN SEGAR,DAGING,DAGING KERBAU TEMPATAN,1374,1kg,1,1,1,1,1
BARANGAN SEGAR,DAGING,DAGING LEMBU IMPORT (BLADE),1371,1kg,1,1,1,1,1
BARANGAN SEGAR,DAGING,DAGING LEMBU IMPORT (BLOCK),1913,1kg,1,1,1,1,1
BARANGAN SEGAR,DAGING,DAGING LEMBU IMPORT (CHUCKTENDER),1372,1kg,1,1,1,1,1
BARANGAN SEGAR,DAGING,DAGING LEMBU IMPORT (KNUCKLE),1373,1kg,1,1,1,1,1
BARANGAN SEGAR,DAGING,DAGING LEMBU IMPORT (TOPSIDE),1370,1kg,1,1,1,1,1
BARANGAN SEGAR,DAGING,DAGING LEMBU TEMPATAN (BAHAGIAN 1 DAGING PAHA (KECUALI BATANG PINANG - TENDERLOIN),1431,1kg,1,1,1,1,1
BARANGAN SEGAR,DAGING,DAGING LEMBU TEMPATAN (BAHAGIAN 2 DAGING PEJAL (KECUALI BATANG PINANG - TENDERLOIN),1432,1kg,1,1,1,1,1
BARANGAN SEGAR,DAGING,DAGING PAHA KAMBING BEBIRI IMPORT BERTULANG  (MUTTON) (AUSTRALIA),1367,1kg,1,1,1,1,1
BARANGAN SEGAR,DAGING,DAGING PAHA KAMBING BEBIRI IMPORT BERTULANG (LAMB) (AUSTRALIA),1911,1kg,1,1,1,1,1
BARANGAN SEGAR,DAGING,DAGING PAHA KAMBING BEBIRI IMPORT BERTULANG (LAMB) (NEW ZEALAND),1912,1kg,1,1,1,1,1
BARANGAN SEGAR,DAGING,DAGING PAHA KAMBING BEBIRI IMPORT BERTULANG (MUTTON) (NEW ZEALAND),1368,1kg,1,1,1,1,1
BARANGAN SEGAR,IKAN DARAT,IKAN HARUAN (ANTARA 2 HINGGA 5 EKOR SEKILOGRAM),87,1kg,1,1,1,1,1
BARANGAN SEGAR,IKAN DARAT,IKAN KELI (ANTARA 2 HINGGA 5 EKOR SEKILOGRAM),88,1kg,1,1,1,1,1
BARANGAN SEGAR,IKAN DARAT,IKAN TILAPIA HITAM (ANTARA 2 HINGGA 5 EKOR SEKILOGRAM),89,1kg,1,1,1,1,1
BARANGAN SEGAR,IKAN DARAT,IKAN TILAPIA MERAH (ANTARA 2 HINGGA 5 EKOR SEKILOGRAM),1921,1kg,1,1,1,1,1
BARANGAN SEGAR,KELAPA,KELAPA BIJI,101,1 biji,1,1,1,1,1
BARANGAN SEGAR,KELAPA,KELAPA PARUT,102,1kg,1,1,1,1,1
BARANGAN SEGAR,KELAPA,SANTAN KELAPA SEGAR (BIASA),103,1kg,1,1,1,1,1
BARANGAN SEGAR,KELAPA,SANTAN KELAPA SEGAR (PEKAT),1929,1kg,1,1,1,1,1
BARANGAN SEGAR,MEE/KUETIAU,KUETIAU BASAH (PELBAGAI JENAMA),1484,+-450g,1,1,1,1,1
BARANGAN SEGAR,MEE/KUETIAU,MEE KUNING BASAH (PELBAGAI JENAMA),1483,+-450g,1,1,1,1,1
BARANGAN SEGAR,SAYUR-SAYURAN,BAWANG PERAI (LEEK) IMPORT,1400,1kg,1,1,1,1,1
BARANGAN SEGAR,SAYUR-SAYURAN,BAWANG PERAI (LEEK) TEMPATAN,1399,1kg,1,1,1,1,1
BARANGAN SEGAR,SAYUR-SAYURAN,BAYAM HIJAU,1556,1kg,1,1,1,1,1
BARANGAN SEGAR,SAYUR-SAYURAN,BAYAM MERAH,1557,1kg,1,1,1,1,1
BARANGAN SEGAR,SAYUR-SAYURAN,BROKOLI,1479,1kg,1,1,1,1,1
BARANGAN SEGAR,SAYUR-SAYURAN,CILI AKAR HIJAU,1926,1kg,1,1,1,1,1
BARANGAN SEGAR,SAYUR-SAYURAN,CILI AKAR MERAH,1927,1kg,1,1,1,1,1
BARANGAN SEGAR,SAYUR-SAYURAN,CILI API/PADI HIJAU,716,1kg,1,1,1,1,1
BARANGAN SEGAR,SAYUR-SAYURAN,CILI API/PADI MERAH,1925,1kg,1,1,1,1,1
BARANGAN SEGAR,SAYUR-SAYURAN,CILI HIJAU,92,1kg,1,1,1,1,1
BARANGAN SEGAR,SAYUR-SAYURAN,CILI MERAH - KULAI,93,1kg,1,1,1,1,1
BARANGAN SEGAR,SAYUR-SAYURAN,CILI MERAH - MINYAK,94,1kg,1,1,1,1,1
BARANGAN SEGAR,SAYUR-SAYURAN,HALIA BASAH (TUA),95,1kg,1,1,1,1,1
BARANGAN SEGAR,SAYUR-SAYURAN,KACANG BENDI,96,1kg,1,1,1,1,1
BARANGAN SEGAR,SAYUR-SAYURAN,KACANG BOTOL,1818,1kg,1,1,1,1,1
BARANGAN SEGAR,SAYUR-SAYURAN,KACANG BUNCIS,97,1kg,1,1,1,1,1
BARANGAN SEGAR,SAYUR-SAYURAN,KACANG PANJANG,98,1kg,1,1,1,1,1
BARANGAN SEGAR,SAYUR-SAYURAN,KAILAN,1560,1kg,1,1,1,1,1
BARANGAN SEGAR,SAYUR-SAYURAN,KANGKUNG,1559,1kg,1,1,1,1,1
BARANGAN SEGAR,SAYUR-SAYURAN,KUBIS BULAT (TEMPATAN),105,1kg,1,1,1,1,1
BARANGAN SEGAR,SAYUR-SAYURAN,KUBIS BULAT IMPORT (BEIJING),1458,1kg,1,1,1,1,1
BARANGAN SEGAR,SAYUR-SAYURAN,KUBIS BULAT IMPORT (CHINA),104,1kg,1,1,1,1,1
BARANGAN SEGAR,SAYUR-SAYURAN,KUBIS BULAT IMPORT (INDONESIA),1396,1kg,1,1,1,1,1
BARANGAN SEGAR,SAYUR-SAYURAN,KUBIS BUNGA (CAULIFLOWER),1481,1kg,1,1,1,1,1
BARANGAN SEGAR,SAYUR-SAYURAN,KUBIS PANJANG (TEMPATAN),1482,1kg,1,1,1,1,1
BARANGAN SEGAR,SAYUR-SAYURAN,KUBIS PANJANG CHINA - BESAR,1412,1kg,1,1,1,1,1
BARANGAN SEGAR,SAYUR-SAYURAN,KUNYIT HIDUP,108,1kg,1,1,1,1,1
BARANGAN SEGAR,SAYUR-SAYURAN,LADA BENGGALA HIJAU (CAPSICUM),1128,1kg,1,1,1,1,1
BARANGAN SEGAR,SAYUR-SAYURAN,LADA BENGGALA KUNING (CAPSICUM),1130,1kg,1,1,1,1,1
BARANGAN SEGAR,SAYUR-SAYURAN,LADA BENGGALA MERAH (CAPSICUM),1129,1kg,1,1,1,1,1
BARANGAN SEGAR,SAYUR-SAYURAN,LENGKUAS,1819,1kg,1,1,1,1,1
BARANGAN SEGAR,SAYUR-SAYURAN,LIMAU KASTURI,1928,1kg,1,1,1,1,1
BARANGAN SEGAR,SAYUR-SAYURAN,LOBAK MERAH,109,1kg,1,1,1,1,1
BARANGAN SEGAR,SAYUR-SAYURAN,SADERI,1922,1kg,1,1,1,1,1
BARANGAN SEGAR,SAYUR-SAYURAN,SAWI HIJAU,1558,1kg,1,1,1,1,1
BARANGAN SEGAR,SAYUR-SAYURAN,TAUGE KACANG HIJAU,1561,1kg,1,1,1,1,1
BARANGAN SEGAR,SAYUR-SAYURAN,TERUNG BULAT,1923,1kg,1,1,1,1,1
BARANGAN SEGAR,SAYUR-SAYURAN,TERUNG PANJANG,112,1kg,1,1,1,1,1
BARANGAN SEGAR,SAYUR-SAYURAN,TIMUN,113,1kg,1,1,1,1,1
BARANGAN SEGAR,SAYUR-SAYURAN,TOMATO,114,1kg,1,1,1,1,1
BARANGAN SEGAR,TAUHU DAN TEMPE,TAUHU (JENIS KERAS),1945,sekeping,1,1,1,1,1
BARANGAN SEGAR,TAUHU DAN TEMPE,TEMPE (BUNGKUSAN PLASTIK),1946,sekeping,1,1,1,1,1
BARANGAN SEGAR,TELUR,TELUR AYAM GRED A,1109,30 biji,1,1,1,1,1
BARANGAN SEGAR,TELUR,TELUR AYAM GRED A (BERAT 65.0 GM HINGGA 69.9 GM SEBIJI),118,10 biji,1,1,1,1,1
BARANGAN SEGAR,TELUR,TELUR AYAM GRED B,1110,30 biji,1,1,1,1,1
BARANGAN SEGAR,TELUR,TELUR AYAM GRED B (BERAT 60.0 GM HINGGA 64.9 GM),119,10 biji,1,1,1,1,1
BARANGAN SEGAR,TELUR,TELUR AYAM GRED C,1111,30 biji,1,1,1,1,1
BARANGAN SEGAR,TELUR,TELUR AYAM GRED C (BERAT 55.0 GM HINGGA 59.9 GM SEBIJI),120,10 biji,1,1,1,1,1
BARANGAN SEGAR,TELUR,TELUR AYAM KAMPUNG,1930,10 biji,1,1,1,1,1
BARANGAN SEGAR,TELUR,TELUR ITIK,125,10 biji,1,1,1,1,1
BARANGAN SEGAR,TELUR,TELUR MASIN,1820,1 biji,1,1,1,1,1
BARANGAN SEGAR,TELUR,TELUR MASIN,1821,4 Biji,1,1,1,1,1
BARANGAN SEGAR,TELUR,TELUR PUYUH,124,15 Biji,1,1,1,1,1
MINUMAN,BAHAN-BAHAN MINUMAN,HORLICKS (PAKET),1402,400 g,1,1,1,1,1
MINUMAN,BAHAN-BAHAN MINUMAN,KORDIAL F&N (SIRAP ROS),910,2 liter,1,1,1,1,1
MINUMAN,BAHAN-BAHAN MINUMAN,MILO (PAKET),1636,400 g,1,1,1,1,1
MINUMAN,BAHAN-BAHAN MINUMAN,MILO (PAKET),1637,1kg,1,1,1,1,1
MINUMAN,BAHAN-BAHAN MINUMAN,MILO 3 IN 1 (PAKET) - ORIGINAL,1638,30x33g,1,1,1,1,1
MINUMAN,BAHAN-BAHAN MINUMAN,NESCAFE 3 IN 1 ORIGINAL (AROMATIC & BALANCED),2019,25 x 18g,1,1,1,1,1
MINUMAN,BAHAN-BAHAN MINUMAN,NESTLE COFFEE-MATE,1635,450 g,1,1,1,1,1
MINUMAN,BAHAN-BAHAN MINUMAN,NESTUM (ORIGINAL),1962,500 g,1,1,1,1,1
MINUMAN,BAHAN-BAHAN MINUMAN,SERBUK KOPI CAP KAPAL API (KASAR) (BERBUNGKUS),1645,180 g,1,1,1,1,1
MINUMAN,BAHAN-BAHAN MINUMAN,SERBUK KOPI HANG TUAH ROBUSTA,1646,200 g,1,1,1,1,1
MINUMAN,BAHAN-BAHAN MINUMAN,TEH BOH (SERBUK),1084,500 g,1,1,1,1,1
MINUMAN,BAHAN-BAHAN MINUMAN,TEH BOH (UNCANG),180,100 beg,1,1,1,1,1
MINUMAN,BAHAN-BAHAN MINUMAN,TEH LIPTON (SERBUK),1647,400 g,1,1,1,1,1
MINUMAN,BAHAN-BAHAN MINUMAN,TEH LIPTON (UNCANG),1650,100 beg,1,1,1,1,1
MINUMAN,TERSEDIA MINUM,COCA COLA (BOTOL),228,1.5 liter,1,1,1,1,1
MINUMAN,TERSEDIA MINUM,COCA COLA (TIN),1507,320 ml,1,1,1,1,1
MINUMAN,TERSEDIA MINUM,F&N OREN (BOTOL),230,1.5 liter,1,1,1,1,1
MINUMAN,TERSEDIA MINUM,F&N OREN (TIN),229,325 ml,1,1,1,1,1
MINUMAN,TERSEDIA MINUM,JUS OREN PEEL FRESH (MARIGOLD),235,1 liter,1,1,1,1,1
MINUMAN,TERSEDIA MINUM,JUS OREN SUNKIST,236,1 liter,1,1,1,1,1
MINUMAN,TERSEDIA MINUM,MIRINDA OREN (BOTOL),232,1.5 liter,1,1,1,1,1
MINUMAN,TERSEDIA MINUM,RED BULL (BOTOL),239,150 ml,1,1,1,1,1
MINUMAN,TERSEDIA MINUM,SEVEN UP LEMON & LIME (TIN),1879,320ml,1,1,1,1,1
MINUMAN,TERSEDIA MINUM,SUSU MARIGOLD HL,225,1 liter,1,1,1,1,1
MINUMAN,TERSEDIA MINUM,SUSU SEGAR DUTCH LADY,224,1 liter,1,1,1,1,1
MINUMAN,TERSEDIA MINUM,SUSU SEGAR FARM FRESH,1959,1 liter,1,1,1,1,1
MINUMAN,TERSEDIA MINUM,YOGURT LACTEL (FAT FREE) (STRAWBERRY),2020,130g,1,1,1,1,1
MINUMAN,TERSEDIA MINUM,YOGURT MARIGOLD (LOW FAT) (STRAWBERRY),1955,130g,1,1,1,1,1
PRODUK KEBERSIHAN,PENJAGAAN DIRI,BERUS GIGI COLGATE (TWISTER - SOFT),1630,1 batang,1,1,1,1,1
PRODUK KEBERSIHAN,PENJAGAAN DIRI,BERUS GIGI COLGATE (ZIG ZAG - SOFT),1524,1 batang,1,1,1,1,1
PRODUK KEBERSIHAN,PENJAGAAN DIRI,BERUS GIGI ORAL B (COMPLETE EASY CLEAN - SOFT),1525,1 batang,1,1,1,1,1
PRODUK KEBERSIHAN,PENJAGAAN DIRI,DEODORAN NIVEA (EXTRA BRIGHTENING),1988,150 ml,1,1,1,1,1
PRODUK KEBERSIHAN,PENJAGAAN DIRI,DEODORAN NIVEA MAN (BLACK & WHITE INVISIBLE - ORIGINAL),1987,150 ml,1,1,1,1,1
PRODUK KEBERSIHAN,PENJAGAAN DIRI,DEODORAN REXONA (POWDER DRY BRIGHTENING),1990,50 ml,1,1,1,1,1
PRODUK KEBERSIHAN,PENJAGAAN DIRI,DEODORAN REXONA MEN (SPORT DEFENSE),1989,50 ml,1,1,1,1,1
PRODUK KEBERSIHAN,PENJAGAAN DIRI,SABUN MANDIAN DETTOL ANTIBACTERIAL (FRESH),1980,500 ml,1,1,1,1,1
PRODUK KEBERSIHAN,PENJAGAAN DIRI,SABUN MANDIAN LIFEBUOY (COOL FRESH),1979,300ml,1,1,1,1,1
PRODUK KEBERSIHAN,PENJAGAAN DIRI,SYAMPU HEAD & SHOULDERS (SMOOTH & SILKY),1984,330 ml,1,1,1,1,1
PRODUK KEBERSIHAN,PENJAGAAN DIRI,UBAT GIGI COLGATE (PUDINA SEGAR),292,250 g,1,1,1,1,1
PRODUK KEBERSIHAN,PENJAGAAN DIRI,UBAT GIGI DARLIE DOUBLE ACTION (PUDINA ASLI),293,250 g,1,1,1,1,1
PRODUK KEBERSIHAN,PENJAGAAN DIRI,UBAT GIGI FRESH & WHITE (PUDINA SEGAR),295,160 g,1,1,1,1,1
PRODUK KEBERSIHAN,PENJAGAAN RUMAH,DYNAMO POWER GEL (PERFECT CLEAN),2017,2.6kg,1,1,1,1,1
PRODUK KEBERSIHAN,PENJAGAAN RUMAH,PELEMBUT PAKAIAN - DOWNY (PREMIUM PARFUM PASSION),1876,800ml,1,1,1,1,1
PRODUK KEBERSIHAN,PENJAGAAN RUMAH,PELUNTUR CLOROX (ORIGINAL),2002,1 liter,1,1,1,1,1
PRODUK KEBERSIHAN,PENJAGAAN RUMAH,PENCUCI PELBAGAI GUNA AJAX FABULOSO (LAVENDER),2000,2 liter,1,1,1,1,1
PRODUK KEBERSIHAN,PENJAGAAN RUMAH,PENCUCI PELBAGAI GUNA MR MUSCLE (LAVENDER),1999,2 liter,1,1,1,1,1
PRODUK KEBERSIHAN,PENJAGAAN RUMAH,SABUN PENCUCI AXION PASTE (LEMON),1538,350 g,1,1,1,1,1
PRODUK KEBERSIHAN,PENJAGAAN RUMAH,SABUN PENCUCI GLO (LEMON),1540,900ml,1,1,1,1,1
PRODUK KEBERSIHAN,PENJAGAAN RUMAH,SABUN PENCUCI KUAT HARIMAU (LEMON),1539,400 g,1,1,1,1,1
PRODUK KEBERSIHAN,PENJAGAAN RUMAH,SABUN PENCUCI SUNLIGHT (LEMON),2018,900ml,1,1,1,1,1
PRODUK KEBERSIHAN,PENJAGAAN RUMAH,SABUN SERBUK BREEZE (POWER CLEAN),1991,750 g,1,1,1,1,1
PRODUK KEBERSIHAN,PENJAGAAN RUMAH,SABUN SERBUK TOP (SUPER COLOUR),1993,750 g,1,1,1,1,1
SUSU DAN BARANGAN BAYI,LAMPIN PAKAI BUANG,DIAPEX EASY,1970,M70,1,1,1,1,1
SUSU DAN BARANGAN BAYI,LAMPIN PAKAI BUANG,DRYPERS DRYPANTZ,1974,M60,1,1,1,1,1
SUSU DAN BARANGAN BAYI,LAMPIN PAKAI BUANG,DRYPERS WEE WEE DRY (M74),1968,M74,1,1,1,1,1
SUSU DAN BARANGAN BAYI,LAMPIN PAKAI BUANG,FITTI,1971,M60,1,1,1,1,1
SUSU DAN BARANGAN BAYI,LAMPIN PAKAI BUANG,HUGGIES DRY DIAPERS (M72),1969,M72,1,1,1,1,1
SUSU DAN BARANGAN BAYI,LAMPIN PAKAI BUANG,HUGGIES DRY PANTS,1975,M60,1,1,1,1,1
SUSU DAN BARANGAN BAYI,LAMPIN PAKAI BUANG,MAMYPOKO EXTRA DRY,1972,M54,1,1,1,1,1
SUSU DAN BARANGAN BAYI,LAMPIN PAKAI BUANG,PETPET GOLD+,1967,M70,1,1,1,1,1
SUSU DAN BARANGAN BAYI,LAMPIN PAKAI BUANG,PETPET PANTS GOLD+,2015,M60,1,1,1,1,1
SUSU DAN BARANGAN BAYI,MAKANAN BAYI,HEINZ APPLE PUREE,1517,110 g,1,1,1,1,1
SUSU DAN BARANGAN BAYI,MAKANAN BAYI,HEINZ FARLEY RUSKS (ORIGINAL),1515,120 g,1,1,1,1,1
SUSU DAN BARANGAN BAYI,MAKANAN BAYI,MILNA BISKUT RUSK (ASLI),1966,130g,1,1,1,1,1
SUSU DAN BARANGAN BAYI,MAKANAN BAYI,NESTLE CERELAC BERAS - TIN,1145,500 g,1,1,1,1,1
SUSU DAN BARANGAN BAYI,MAKANAN BAYI,NESTLE CERELAC BERAS MERAH & SUSU - TIN,1629,350 g,1,1,1,1,1
SUSU DAN BARANGAN BAYI,MAKANAN BAYI,NESTLE CERELAC GANDUM DAN MADU - KOTAK,1628,225g,1,1,1,1,1
SUSU DAN BARANGAN BAYI,SUSU BAYI,ANMUM ESSENTIAL LANGKAH 4 PERISA ASLI (TANPA GULA TAMBAHAN) - TIN,1961,1.5kg,1,1,1,1,1
SUSU DAN BARANGAN BAYI,SUSU BAYI,DUMEX DUGRO 3 (1-3 TAHUN) PERISA ASLI (850G),1904,850g,1,1,1,1,1
SUSU DAN BARANGAN BAYI,SUSU BAYI,DUMEX DUPRO 2 (RUMUSAN SUSULAN),2001,850g,1,1,1,1,1
SUSU DAN BARANGAN BAYI,SUSU BAYI,DUTCH LADY 123 (BIASA),2009,850g,1,1,1,1,1
SUSU DAN BARANGAN BAYI,SUSU BAYI,DUTCH LADY 456 (BIASA),2010,850g,1,1,1,1,1
SUSU DAN BARANGAN BAYI,SUSU BAYI,ENFAGROW A+ MIND PRO LANGKAH 3 VANILA (KOTAK),2014,500 g,1,1,1,1,1
SUSU DAN BARANGAN BAYI,SUSU BAYI,LACTOGEN 1 RUMUSAN BAYI (KOTAK),299,650g,1,1,1,1,1
SUSU DAN BARANGAN BAYI,SUSU BAYI,LACTOGEN 2 RUMUSAN SUSULAN (KOTAK),300,650g,1,1,1,1,1
SUSU DAN BARANGAN BAYI,SUSU BAYI,MAMEX LANGKAH 1 - RUMUSAN BAYI (KOTAK),1512,600 g,1,1,1,1,1
SUSU DAN BARANGAN BAYI,SUSU BAYI,NAN PRO LANGKAH 1 RUMUSAN BAYI (KOTAK),1956,600 g,1,1,1,1,1
SUSU DAN BARANGAN BAYI,SUSU BAYI,NAN PRO LANGKAH 2 RUMUSAN SUSULAN (KOTAK),1957,600 g,1,1,1,1,1
SUSU DAN BARANGAN BAYI,SUSU BAYI,NANKID OPTIPRO LANGKAH 3 RUMUSAN UNTUK KANAK-KANAK,1958,600 g,1,1,1,1,1
SUSU DAN BARANGAN BAYI,SUSU BAYI,PEDIASURE (VANILA),1965,600 g,1,1,1,1,1
SUSU DAN BARANGAN BAYI,SUSU BAYI,REFILL ANMUM ESSENTIAL LANGKAH 4 PERISA ASLI (TANPA GULA TAMBAHAN) - KOTAK,1963,550 g,1,1,1,1,1
SUSU DAN BARANGAN BAYI,SUSU BAYI,S-26 GOLD SMA RUMUSAN BAYI LANGKAH 1 - (KOTAK),1624,600 g,1,1,1,1,1
SUSU DAN BARANGAN BAYI,SUSU BAYI,S-26 SMA RUMUSAN BAYI LANGKAH 1 - (KOTAK),1623,600 g,1,1,1,1,1
SUSU DAN BARANGAN BAYI,SUSU BAYI,SUSTAGEN JUNIOR 1+ (VANILLA ) - KOTAK,1514,600 g,1,1,1,1,1
SUSU DAN BARANGAN BAYI,SUSU BAYI,SUSTAGEN KID 3+ (VANILLA) - KOTAK,1513,600 g,1,1,1,1,1
